uuid,study_name,study_id,n_samples,n_runs,study_id_source,source_project,curation_available,ci_validated,primary_disease,body_site,country,sequencing_platform,pmid,metaphlan_version,metaphlan_location,humann_version,humann_location,n_samples_processed,n_runs_processed,telemetry_collections,processing_status,runs_per_sample,notes
d282378f-9ac3-5f0b-a94b-5ecfe87c7584,ArtachoA_2021,PRJNA682730,69,69,ncbi,CMD,TRUE,TRUE,Rheumatoid Arthritis,feces,United States,IlluminaNextSeq,33314800,,,,,69,69,ArtachoA_2021;CMD,processed,1.00,BioProject unresolved
d15aa2cb-bd30-539d-84ed-3df1e0d24b34,AsnicarF_2017,PRJNA339914,24,24,sra_meta,CMD,TRUE,TRUE,Healthy,feces;milk,Italy,IlluminaHiSeq,28144631,,,,,0,0,,not_processed,1.00,
29c5db8c-81df-576d-b604-0c4125a403e7,AsnicarF_2021,PRJEB39223,1098,1098,sra_meta,CMD;PMD,TRUE,TRUE,Healthy,feces,United States;United Kingdom,IlluminaNovaSeq,33432175,,,,,0,0,,not_processed,1.00,
a645d835-a34a-5165-9b78-2d818827ca8b,AverinaOV_2020,PRJNA516054,78,78,ncbi,CMD,TRUE,TRUE,Autism Spectrum Disorder;Healthy,feces,Russian Federation,IlluminaNovaSeq;IlluminaHiSeq,32213246,,,,,25,25,AverinaOV_2020;CMD,partial,1.00,BioProject unresolved
1fdd5a79-ad12-55c9-bae4-6e9e8e47c52f,BackhedF_2015,PRJEB6456,400,400,sra_meta,CMD,TRUE,TRUE,Healthy,feces,Sweden,IlluminaHiSeq,25974306,,,,,0,0,,not_processed,1.00,
f52d4d86-36e4-56c8-be1a-a0599f53a976,BaiX_2021,PRJNA692830,24,24,ncbi,CMD,TRUE,TRUE,HIV Infection;Healthy,feces,Sweden,IlluminaNovaSeq,34248876,,,,,0,0,,not_processed,1.00,BioProject unresolved
25e855f8-06f0-511e-bdfd-0316b3986ee0,BaruchEN_2021,PRJNA678737,42,42,ncbi,CMD,TRUE,FALSE,melanoma;Metastatic Malignant Neoplasm,feces,Israel,IlluminaHiSeq,33303685,,,,,0,0,,not_processed,1.00,filename not *_sample.tsv - skipped by CI validator; BioProject unresolved
82c98c1c-8336-5655-b859-4da6d2e14e75,BedarfJR_2017,PRJEB17784,59,364,sra_meta,PMD,TRUE,TRUE,Healthy;Parkinson disease,feces,Germany,IlluminaHiSeq,28449715,,,,,59,364,PRJEB17784,processed,6.17,
4e3b9eca-6950-554a-8250-84caab1e8a76,Bengtsson-PalmeJ_2015,PRJEB7369,70,70,sra_meta,CMD,TRUE,TRUE,Healthy,feces,Sweden,IlluminaHiSeq,26259788,,,,,0,0,,not_processed,1.00,
8040c386-c3b1-56fc-a433-e7a48ffdf11b,BoktorJC_2023,PRJEB53401,227,227,telemetry,PMD,TRUE,TRUE,Parkinson disease;Healthy;Bipolar Disorder;Depression;Mild Cognitive Impairment,feces,United States,IlluminaNextSeq;IlluminaNovaSeq,,,,,,118,113,PRJEB53401,partial,1.00,5 processed sample(s) not listed in the curated table
4eca6390-ac39-51ad-a0d0-61421f3299af,BommanaS_2023,PRJNA982400,350,350,ncbi,CMD,TRUE,TRUE,Bacterial Vaginosis;Mycoplasmoides infection;Chlamydial Infection;Gonorrhea;Trichomonas Vaginitis;(+1 more),vagina,Fiji,IlluminaNovaSeq,,,,,,0,0,,not_processed,1.00,BioProject unresolved
26fecfdf-8787-5519-8905-9f7cf23f3bf7,BritoIL_2016,PRJNA217052,312,5635,sra_meta,CMD,TRUE,TRUE,Healthy,oral cavity;feces,Fiji,IlluminaHiSeq,27409808,,,,,0,0,,not_processed,18.06,
57ee8c36-9d70-5e56-904e-c5c10d67ad45,BrooksB_2017,PRJNA376566,408,408,sra_meta,CMD,TRUE,TRUE,Preterm Birth;Healthy,feces,United States,IlluminaHiSeq,29180750,,,,,0,0,,not_processed,1.00,
185eccf8-dfd8-5bd5-9ca3-bf306fa20bcc,Castro-NallarE_2015,PRJNA255439,32,33,sra_meta,CMD,TRUE,TRUE,Schizophrenia;Type 2 Diabetes Mellitus;Healthy;Crohn Disease,oral cavity,United States,IlluminaHiSeq,26336637,,,,,0,0,,not_processed,1.03,
ce64789b-7722-5528-b53c-b0586cb0478d,ChengpingW_2017,PRJNA375935,97,97,ncbi,CMD,TRUE,TRUE,Rheumatoid Arthritis;Ankylosing Spondylitis,feces,China,IlluminaHiSeq,28750650,,,,,0,0,,not_processed,1.00,BioProject unresolved
e1d9b190-fee6-5ed1-89e7-ae2bc273a638,ChngKR_2016,PRJNA277905,78,78,ncbi,CMD,TRUE,TRUE,Alzheimer's Disease;Allergic Rhinitis;Healthy;Asthma,skin epidermis,Singapore;Indonesia;China;Malaysia;Brunei Darussalam,IlluminaHiSeq,27562258,,,,,25,25,CMD;ChngKR_2016,partial,1.00,BioProject unresolved
4408bf46-7348-53c4-89c3-2600a3cf73d6,ChuDM_2017,PRJNA322188,86,86,sra_meta,CMD,TRUE,TRUE,Healthy;Gestational Diabetes;Preeclampsia;Chorioamnionitis,oral cavity;feces,United States,IlluminaHiSeq,28112736,,,,,0,0,,not_processed,1.00,
a5d5d0df-d9e6-5a9b-8d3d-b11fed5ea7ba,ContevilleLC_2019,PRJNA527208,15,15,ncbi,CMD,TRUE,TRUE,Healthy,feces,Brazil,IlluminaHiSeq,31417531,,,,,15,15,CMD;ContevilleLC_2019,processed,1.00,BioProject unresolved
de699a56-86d4-5bfe-85f7-b4a479483558,CosteaPI_2017,PRJEB17632,279,2209,sra_meta,CMD,TRUE,TRUE,Healthy,feces,Germany;Kazakhstan,IlluminaHiSeq,29242367,,,,,0,0,,not_processed,7.92,
d41faa3c-ac44-5ed5-8a36-eaa3b86bf3d2,DavarD_2021,PRJNA672867,216,216,ncbi,CMD,TRUE,FALSE,melanoma;metastases_liver,stool,USA,IlluminaNovaSeq;IlluminaNextSeq,33542131,,,,,0,0,,not_processed,1.00,filename not *_sample.tsv - skipped by CI validator; BioProject unresolved
d25e3441-e780-53b9-a9c5-312cddbcc830,DavidLA_2015,PRJEB9150,47,47,sra_meta,CMD,TRUE,TRUE,Diarrhea;Cholera;Healthy,feces,Bangladesh,IlluminaHiSeq,25991682,,,,,25,25,CMD;DavidLA_2015,partial,1.00,
4e9e1232-0e6e-5a66-9246-69c3db1797a7,DeCastroFonsecaM_2026,,330,0,,PMD,TRUE,TRUE,,feces,,IlluminaNovaSeq,41389810,,,,,0,0,,no_run_accessions,,no run accessions in ncbi_accession; BioProject unresolved
a530b83a-ba97-5874-8d04-cf668fca2a70,DeFilippisF_2019,PRJNA340216,97,97,ncbi,CMD,TRUE,TRUE,Healthy,feces,Italy,IlluminaNextSeq,30799264,,,,,0,0,,not_processed,1.00,BioProject unresolved
043fa3eb-0d45-5d67-8916-93b67d7c7f76,DhakanDB_2019,PRJNA397112,110,110,sra_meta,CMD,TRUE,TRUE,Healthy,feces,India,IlluminaNextSeq,30698687,,,,,0,6,CMD;GuptaA_2019,partial,1.00,
4da94a5d-e1ec-5f59-9ca8-166b54f21b84,DumitrescuDG_2023,,28,0,,PMD,TRUE,TRUE,,feces,,IlluminaNovaSeq,,,,,,0,0,,no_run_accessions,,no run accessions in ncbi_accession; BioProject unresolved
003981ad-8465-501d-99c8-d850ea42b5f7,DuruIC_2024,PRJEB59350,134,134,ncbi,PMD,TRUE,TRUE,Healthy;Parkinson Disease,feces,,IlluminaNovaSeq,,,,,,0,0,,not_processed,1.00,BioProject unresolved
d88118ca-cab7-5c2a-ab3e-16db1d6e9673,FanY_2023,PRJEB51776,147,594,ncbi,CMD,TRUE,TRUE,Anorexia;Healthy,feces,Denmark,IonProton,37069399,,,,,0,0,,not_processed,4.04,BioProject unresolved
2b7134dd-b680-5a3c-b8c1-1ae79cea93b3,FengQ_2015,PRJEB7774,154,308,sra_meta,CMD,TRUE,TRUE,Colorectal Carcinoma;Hepatic Steatosis;Hypertension;Carcinoma;Healthy;(+2 more),feces,Austria,IlluminaHiSeq,25758642,,,,,0,0,,not_processed,2.00,
3ea9cf32-170f-52ee-a41f-48660e6527bf,FerrettiP_2018,PRJNA352475,214,214,sra_meta,CMD,TRUE,TRUE,Healthy,feces;oral cavity;vagina;skin epidermis,Italy,IlluminaHiSeq,30001516,,,,,0,0,,not_processed,1.00,
5b29ade8-fc81-597e-9609-59faac04c822,FrankelAE_2017,PRJNA397906,39,39,ncbi,CMD,TRUE,TRUE,Melanoma;Metastatic Malignant Neoplasm in the Lymph Nodes;Metastatic Malignant Neoplasm in the Lung;Metastatic Squamous Cell Carcinoma;Metastatic Malignant Neoplasm in the Liver;(+2 more),feces,United States,IlluminaHiSeq,28923537,,,,,25,25,CMD;FrankelAE_2017,partial,1.00,BioProject unresolved
6c5b71ee-58e6-5517-a769-bda36b4c5e51,GhensiP_2019,PRJNA547717,113,113,sra_meta,CMD,TRUE,TRUE,Healthy;Periodontitis;Type 2 Diabetes Mellitus;Mucositis;Periodontal Disorder,oral cavity,Italy,IlluminaHiSeq,33127901,,,,,0,0,,not_processed,1.00,
5c14c873-03fe-5f93-a60b-26bc0baf37c8,GopalakrishnanV_2018,PRJEB22893,25,25,ncbi,CMD,TRUE,TRUE,Melanoma;Metastatic Malignant Neoplasm,feces,United States,IlluminaHiSeq,29097493,,,,,25,25,CMD;GopalakrishnanV_2018,processed,1.00,BioProject unresolved
db583957-c148-5449-9f6c-4b265d4664a2,GunjurA_2024,PRJEB49516,106,106,ncbi,CMD,TRUE,TRUE,,feces,Australia,IlluminaNovaSeq,,,,,,0,0,,not_processed,1.00,BioProject unresolved
04a74f2b-1a9f-52e4-975a-10641552f99f,GuptaA_2019,PRJNA397112,60,60,ncbi,CMD,TRUE,TRUE,Colorectal Carcinoma;Adenocarcinoma;Healthy,feces,India,IlluminaNextSeq,31719139;30698687,,,,,25,25,CMD;GuptaA_2019,partial,1.00,BioProject unresolved
effdfe96-9c7e-5b3e-8b44-875af766bef7,HMP_2012,PRJNA48479,748,1671,ncbi,CMD,TRUE,TRUE,Healthy,feces;oral cavity;nasal cavity;vagina;skin epidermis,United States,IlluminaHiSeq,22699609,,,,,0,0,,not_processed,2.23,BioProject unresolved
a3072a5f-7b22-572a-8bc8-7ac7775b25bf,HMP_2019_ibdmdb,,1627,0,,CMD,TRUE,TRUE,Inflammatory Bowel Disease;Crohn Disease;Ulcerative Colitis;Healthy,feces,United States,IlluminaHiSeq,29311644;31142855,,,,,0,0,,no_run_accessions,,no run accessions in ncbi_accession; BioProject unresolved
57d479f2-c932-596d-b942-6d0393a506ed,HMP_2019_t2d,,296,0,,CMD,TRUE,TRUE,Glucose Intolerance;Upper Respiratory Tract Infection;Healthy;Type 2 Diabetes Mellitus,feces,United States,IlluminaHiSeq,31142858,,,,,0,0,,no_run_accessions,,no run accessions in ncbi_accession; BioProject unresolved
af4d9e04-f0dc-5bbb-ad27-4973a2ab7a30,HallAB_2017,PRJNA385949,259,259,sra_meta,CMD,TRUE,TRUE,Inflammatory Bowel Disease;Crohn Disease;Ulcerative Colitis;Healthy,feces,United States,IlluminaMiSeq,29183332,,,,,0,0,,not_processed,1.00,
c792b9e6-7fdc-5666-aa12-d9db3be264f1,HanniganGD_2017,PRJNA389927,81,81,sra_meta,CMD,TRUE,TRUE,Colorectal Carcinoma;Healthy;Adenoma,feces,United States;Canada,IlluminaHiSeq,30459201,,,,,25,25,CMD;HanniganGD_2017,partial,1.00,
b538fb2f-0966-5aca-b924-8e3ed2258a42,HansenLBS_2018,PRJNA491335,207,207,sra_meta,CMD,TRUE,TRUE,Healthy,feces,Denmark,IlluminaHiSeq,30425247,,,,,0,0,,not_processed,1.00,
f973da89-a6e1-5822-8d20-8adaa1db8e89,HeQ_2017,PRJEB15371,122,122,ncbi,CMD,TRUE,TRUE,Inflammatory Bowel Disease;Healthy,feces,China,IlluminaHiSeq,28655159,,,,,25,25,CMD;HeQ_2017,partial,1.00,BioProject unresolved
37cf1c3b-b1db-5cd2-b695-d48fae10b311,Heitz-BuschartA_2016,PRJNA289586,53,53,sra_meta,CMD,TRUE,TRUE,Type 1 Diabetes Mellitus;Healthy;Cytomegaloviral Infection;Celiac Disease;Gestational Diabetes;(+2 more),feces,Luxembourg,IlluminaHiSeq,27723761,,,,,25,25,CMD;Heitz-BuschartA_2016,partial,1.00,
c7022807-f284-5437-a61d-2235aa2b945b,HoylesL_2018,PRJEB14215,56,56,ncbi,CMD,TRUE,FALSE,Hepatic Steatosis;Obesity,feces,Italy;Spain,IlluminaHiSeq,29942096,,,,,0,0,,not_processed,1.00,filename not *_sample.tsv - skipped by CI validator; BioProject unresolved
b408aa63-e892-5c9f-a8b8-5eb863dd42c6,IaniroG_2022,PRJEB47909,165,111,sra_meta,CMD,TRUE,TRUE,Healthy;Donor;Clostridium difficile Infection;Fecal Microbiota Transplantation;Bacterial Infection;(+2 more),feces,Italy,IlluminaNovaSeq,36109637,,,,,0,0,,not_processed,0.67,
2cd7d503-283f-521d-a157-10736f6d4442,IjazUZ_2017,PRJEB18780,94,94,sra_meta,CMD,TRUE,TRUE,Inflammatory Bowel Disease;Crohn Disease;Healthy,feces,United Kingdom,IlluminaHiSeq,28222161,,,,,0,0,,not_processed,1.00,
d19ea023-7dba-5a39-844b-ba2df39904e5,JacobsonDK_2021,PRJNA690543,90,90,ncbi,CMD,TRUE,TRUE,Healthy,feces,Burkina Faso,IlluminaNovaSeq,33462272,,,,,0,0,,not_processed,1.00,BioProject unresolved
d1fb0cbc-58cb-5667-b28a-1a96d2c02697,JieZ_2017,PRJEB21528,385,385,ncbi,CMD,TRUE,TRUE,Healthy;Atherosclerosis,feces,China,IlluminaHiSeq,29018189,,,,,0,0,,not_processed,1.00,BioProject unresolved
67ae1838-800f-55c9-9357-64ce2d0a7382,JoS_2022,PRJNA743718,156,156,ncbi,PMD,TRUE,TRUE,Parkinson Disease;Healthy,feces,Korea;Republic of,IlluminaNovaSeq,35798742,,,,,0,0,,not_processed,1.00,BioProject unresolved
a03095f3-f679-5728-8db2-2bf121dedb83,JunfengX_2022,PRJNA758208,223,223,ncbi,CMD,TRUE,FALSE,Adenoma;Healthy;colorectal carcinoma,feces,China,IlluminaHiSeq;BGISeq,36572910,,,,,0,0,,not_processed,1.00,filename not *_sample.tsv - skipped by CI validator; BioProject unresolved
d1c14a4b-daf0-58ba-88ea-b8312e8b5d1f,KarlssonFH_2013,PRJEB1786,145,145,ncbi,CMD,TRUE,TRUE,Healthy;Glucose Intolerance;Type 2 Diabetes Mellitus,feces,Sweden;Germany;France;Norway;Slovakia;(+5 more),IlluminaHiSeq,23719380,,,,,25,25,CMD;KarlssonFH_2013,partial,1.00,BioProject unresolved
56ef2786-e7a9-523b-9179-24c1dbc5f6a5,KartalE_2022,PRJEB42013,329,658,ncbi,CMD,TRUE,TRUE,Acute Pancreatitis;asthma;Chronic Pancreatitis;Metastatic Malignant Neoplasm;Obesity;(+3 more),feces;oral cavity,Spain;Germany,IlluminaHiSeq,35260444,,,,,0,0,,not_processed,2.00,BioProject unresolved
f8ed40e6-d08f-5c9e-8996-b3cfca0197a7,KaurK_2020,PRJNA531203,31,31,sra_meta,CMD,TRUE,TRUE,Healthy,feces,India,IlluminaHiSeq,32267865,,,,,0,0,,not_processed,1.00,
fb86a243-538c-57f3-aff4-60006d60a58e,KeohaneDM_2020,PRJEB36820,117,117,ncbi,CMD,TRUE,TRUE,Healthy,feces,Ireland,IlluminaHiSeq,32632193,,,,,0,0,,not_processed,1.00,BioProject unresolved
86e21018-6e64-5680-ac20-412b5876f7c3,KieserS_2018,PRJNA363003,27,27,ncbi,CMD,TRUE,TRUE,Healthy;Diarrhea,feces,Bangladesh,IlluminaHiSeq,29786169,,,,,0,0,,not_processed,1.00,BioProject unresolved
d5f3ad0d-575c-50b2-99c3-bcfd55ef8ade,KosticAD_2015,PRJNA231909,120,524,ncbi,CMD,TRUE,TRUE,Healthy;Type 1 Diabetes Mellitus,feces,Finland;Estonia,IlluminaHiSeq,25662751,,,,,0,0,,not_processed,4.37,BioProject unresolved
8e4967e9-f08b-5854-9f43-fa095d59d704,LassalleF_2017,PRJEB14383,23,23,sra_meta,CMD,TRUE,TRUE,Healthy,oral cavity,Philippines,IlluminaHiSeq,29165844,,,,,0,0,,not_processed,1.00,
cd0fe17c-23b6-58a7-a14c-20e823cfad73,LeChatelierE_2013,PRJEB1220,292,607,ncbi,CMD,TRUE,TRUE,Healthy,feces,Denmark,IlluminaHiSeq,23985870,,,,,0,0,,not_processed,2.08,BioProject unresolved
b9f24044-ee47-5ee6-98d2-5f0a6112e825,LeeKA_2022,PRJEB43119,165,165,sra_meta,CMD,TRUE,TRUE,Melanoma;Colitis,feces,Spain;United Kingdom;Netherlands,IlluminaNovaSeq,35228751,,,,,0,0,,not_processed,1.00,
8ded5c83-c92a-5fc1-b566-214a257d18fb,LiJ_2014,PRJEB5224,260,579,ncbi,CMD,TRUE,TRUE,Type 2 Diabetes Mellitus;Type 1 Diabetes Mellitus;Healthy;Inflammatory Bowel Disease;Crohn Disease;(+2 more),feces,China;Denmark;Spain,IlluminaHiSeq,24997786,,,,,0,0,,not_processed,2.23,BioProject unresolved
04edba2f-d6af-5f52-bd53-cf1614bfa21c,LiJ_2017,PRJEB13870,196,196,sra_meta,CMD,TRUE,TRUE,Hypertension;Borderline Hypertension;Healthy,feces,China,IlluminaHiSeq,28143587,,,,,0,0,,not_processed,1.00,
f89bca5a-1250-51ab-8250-456e78f77c05,LiSS_2016,PRJEB12357,55,430,ncbi,CMD,TRUE,TRUE,Metabolic Syndrome;Healthy,feces,Netherlands,IlluminaHiSeq,27126044,,,,,25,198,CMD;LiSS_2016,partial,7.82,BioProject unresolved
cf12e71e-6b2b-54c8-9ddb-274e4662a595,LifeLinesDeep_2016,,1135,0,,CMD,TRUE,TRUE,Healthy,feces,Netherlands,IlluminaHiSeq,27126040,,,,,0,0,,no_run_accessions,,no run accessions in ncbi_accession; BioProject unresolved
db12ad3b-9fbe-533b-8610-09d2c2368c3e,LiuW_2016,PRJNA328899,110,110,ncbi,CMD,TRUE,TRUE,Healthy,feces,Mongolia,IlluminaHiSeq,27708392,,,,,0,0,,not_processed,1.00,BioProject unresolved
e851c3fd-d7c9-5561-85c4-7e7887a0d68e,LokmerA_2019,PRJEB27005,57,57,sra_meta,CMD,TRUE,TRUE,Healthy,feces,Cameroon,IlluminaHiSeq,30726303,,,,,0,0,,not_processed,1.00,
e5431a7f-83e2-51d9-9ca5-bc4bc424046d,LomanNJ_2013,PRJEB1775,42,51,sra_meta,CMD,TRUE,TRUE,Escherichia coli Infection,feces,Germany,IlluminaHiSeq,23571589,,,,,25,31,CMD;LomanNJ_2013,partial,1.21,
7c6fbefd-877f-54c3-8f5c-95d20be2371c,LoombaR_2017,PRJNA373901,86,86,ncbi,CMD,TRUE,TRUE,Hepatic Steatosis;Cirrhosis;Not applicable,feces,United States,IlluminaHiSeq,28467925,,,,,25,25,CMD;LoombaR_2017,partial,1.00,BioProject unresolved
4b574593-b846-555d-8f45-f841c2341210,LouisS_2016,PRJNA290729,92,92,sra_meta,CMD,TRUE,TRUE,Healthy,feces,Germany,IlluminaHiSeq,26919743,,,,,0,0,,not_processed,1.00,
c2dfdce6-6bec-5fd0-8ae9-7820f6feaaa2,MaoL_2021,PRJNA588035,78,78,ncbi,PMD,TRUE,TRUE,Parkinson disease,feces,China,BGISeq,,,,,,0,0,,not_processed,1.00,BioProject unresolved
6008b33b-7cf7-54e0-bb84-43cdc9a5c536,MatsonV_2018,PRJNA399742,39,39,ncbi,CMD,TRUE,TRUE,Melanoma;Metastatic Malignant Neoplasm,feces,United States,IlluminaNextSeq,29302014,,,,,0,0,,not_processed,1.00,BioProject unresolved
412f97fa-b3ef-5c47-8ec3-c6f3ff71c5b0,McCullochJA_2022,PRJNA762360,94,94,ncbi,CMD,TRUE,TRUE,melanoma;Adrenocortical Insufficiency;Arthritis;Bullous Pemphigoid;colitis;(+12 more),feces,United States,IlluminaNovaSeq,35228752,,,,,0,0,,not_processed,1.00,BioProject unresolved
7b802a7e-f294-587b-8bee-bbee6f5e0623,MehtaRS_2018,PRJNA354235,928,928,ncbi,CMD,TRUE,TRUE,Healthy,feces,United States,IlluminaHiSeq,29335554,,,,,0,0,,not_processed,1.00,BioProject unresolved
8a1a01d7-b36d-5eed-89f3-19bc2ea5ec3a,MejiaR_2020,PRJNA612291,35,35,ncbi,CMD,TRUE,TRUE,giardiasis;Helminthiasis;Healthy,feces,Argentina,IlluminaNextSeq,32306993,,,,,0,0,,not_processed,1.00,BioProject unresolved
64db7bc6-ef2d-51e8-b053-36b51768b8e6,MetaCardis_2020_a,PRJEB37249,1831,9683,ncbi,CMD,TRUE,TRUE,Glucose Intolerance;Metabolic Syndrome;Type 2 Diabetes Mellitus;Coronary Artery Disease;Heart Failure;(+1 more),feces,France;Germany;Denmark,IonProton,34880489,,,,,0,0,,not_processed,5.29,BioProject unresolved
ce28a881-03a0-5185-b039-b4bba9c8c36d,MoiseyenkoA_2026,,48,0,,PMD,TRUE,TRUE,,feces,,IlluminaNovaSeq,41786774,,,,,0,0,,no_run_accessions,,no run accessions in ncbi_accession; BioProject unresolved
91403921-34e5-56c3-af5a-57e2f06fc44f,NagataN_2022,PRJNA832909,560,560,ncbi,CMD,TRUE,TRUE,,oral cavity;feces,Japan,IlluminaHiSeq,,,,,,0,0,,not_processed,1.00,BioProject unresolved
ee6f1a99-c0ef-511e-a2bb-84c79ef0d7d1,NagySzakalD_2017,PRJNA379741,100,100,ncbi,CMD,TRUE,TRUE,Chronic Fatigue Syndrome;Healthy,feces,United States,IlluminaHiSeq,28441964,,,,,0,0,,not_processed,1.00,BioProject unresolved
1f6e1354-60a1-51d1-a840-c2895561b37d,NayakRR_2021,PRJNA656577,34,34,ncbi,CMD,TRUE,TRUE,Rheumatoid Arthritis,feces,United States,IlluminaNovaSeq,33440172,,,,,0,0,,not_processed,1.00,BioProject unresolved
aeb29fa8-2025-5b12-a3de-92546913f69a,NielsenHB_2014,PRJEB1220,396,1704,sra_meta,CMD,TRUE,TRUE,Healthy;Inflammatory Bowel Disease;Ulcerative Colitis;Crohn Disease,feces,Denmark;Spain,IlluminaHiSeq,24997787,,,,,0,0,,not_processed,4.30,
a5d63fb7-5433-513a-ba36-26d9b91a4deb,NishiwakiH_2024,PRJDB15956,167,167,ncbi,PMD,TRUE,TRUE,Healthy;Parkinson Disease,feces,Japan,IlluminaHiSeq,38773112,,,,,0,0,,not_processed,1.00,BioProject unresolved
eac2557e-a974-5318-b5b9-c1a96e5de3ce,Obregon-TitoAJ_2015,PRJNA268964,58,116,sra_meta,CMD,TRUE,TRUE,Healthy,feces,Peru;United States,IlluminaHiSeq,25807110,,,,,0,0,,not_processed,2.00,
038bd295-1ffa-58f0-a163-2a517c360bf9,OhJ_2014,PRJNA46333,291,1246,ncbi,CMD,TRUE,TRUE,Healthy,skin epidermis,United States,IlluminaHiSeq,25279917,,,,,0,0,,not_processed,4.28,BioProject unresolved
814691bc-d90e-5dfc-9b0f-18d1656f1ceb,OhJ_2016,,0,0,,CMD,FALSE,FALSE,,,,,,,,,,0,0,,not_processed,,no curated sample table in repo
5393b3db-0756-5c1c-9b84-5891f5542d5a,OlmMR_2017,PRJNA327106,45,45,sra_meta,CMD,TRUE,TRUE,Preterm Birth,skin epidermis;oral cavity;feces,United States,IlluminaHiSeq,28073918,,,,,25,25,CMD;OlmMR_2017,partial,1.00,
e9092fda-186a-51f7-8a67-016dfca42c98,OsakunorDNM_2020,PRJNA521455,113,113,ncbi,CMD,TRUE,TRUE,Hematuria;Growth Retardation;Poor Weight Gain;Healthy;Helminthiasis;(+1 more),feces,Zimbabwe,IlluminaHiSeq,32242065,,,,,0,0,,not_processed,1.00,BioProject unresolved
4423d03c-e526-5e6b-a54b-a48a5730fae2,PallejaA_2018,PRJEB20800,57,114,ncbi,CMD,TRUE,TRUE,Healthy,feces,Denmark,IlluminaHiSeq,30349083,,,,,0,0,,not_processed,2.00,BioProject unresolved
6319fcff-5822-5657-871c-6c5aa5afb736,ParkDG_2024,PRJNA1043247,36,36,telemetry,CMD,TRUE,TRUE,Parkinson Disease,feces,Korea;Republic of,IlluminaMiSeq,39218360,,,,,36,36,PRJNA1043247,processed,1.00,
8469c093-ffe7-57a0-9121-15e772da1e36,PasolliE_2019,PRJNA485056,112,112,sra_meta,CMD,TRUE,TRUE,Healthy,feces,Madagascar,IlluminaHiSeq,30661755,,,,,0,0,,not_processed,1.00,
31764130-91a4-5c61-a3bc-37225373d176,PehrssonE_2016,PRJNA300541,191,382,sra_meta,CMD,TRUE,TRUE,Healthy,feces,El Salvador;Peru,IlluminaHiSeq;IlluminaNextSeq,27172044,,,,,0,0,,not_processed,2.00,
f7ad1487-012f-579f-aecc-a647eb589985,PernigoniN_2021,PRJNA749645,74,74,ncbi,CMD,TRUE,TRUE,Prostate Carcinoma;Metastatic Malignant Neoplasm,feces,United Kingdom;Switzerland,IlluminaNextSeq,34618582,,,,,0,0,,not_processed,1.00,BioProject unresolved
81a37310-8cd6-5762-942d-fb93dc20f47c,PetersBA_2019,PRJNA541981,27,27,sra_meta,CMD,TRUE,TRUE,Melanoma;Metastatic Malignant Neoplasm,feces,United States,IlluminaHiSeq,31597568,,,,,0,0,,not_processed,1.00,
0e62cdae-52f5-5970-bbd0-96c43837db06,PiccinnoG_2025_a,PRJEB72523,163,163,ncbi,CMD,TRUE,FALSE,Colorectal Carcinoma,feces,Italy,IlluminaHiSeq,40461820,,,,,0,0,,not_processed,1.00,filename not *_sample.tsv - skipped by CI validator; BioProject unresolved
5bd02803-17d5-5b8a-a21d-5fdb1db49f9f,PiccinnoG_2025_b,PRJEB72524,203,203,ncbi,CMD,TRUE,FALSE,Colorectal Carcinoma;Adenoma,feces,Czechia,IlluminaHiSeq,40461820,,,,,0,0,,not_processed,1.00,filename not *_sample.tsv - skipped by CI validator; BioProject unresolved
78c9f53d-b996-5a04-8685-1dcf0d73c9ad,PiccinnoG_2025_c,PRJEB72525,124,124,ncbi,CMD,TRUE,FALSE,Colorectal Carcinoma;Healthy;Adenoma,feces,Czechia,IlluminaHiSeq,40461820,,,,,0,0,,not_processed,1.00,filename not *_sample.tsv - skipped by CI validator; BioProject unresolved
b711b286-29bb-5019-8fd4-a0617ba4eefa,PiccinnoG_2025_d,PRJEB72526,181,101,ncbi,CMD,TRUE,FALSE,Adenoma;Colorectal Carcinoma;Healthy,feces,Italy,IlluminaHiSeq,40461820,,,,,0,0,,not_processed,0.56,filename not *_sample.tsv - skipped by CI validator; BioProject unresolved
21e3acbd-74dc-5194-a6ca-94885db25e2a,PiccinnoG_2025_e,PRJNA1237248,897,897,ncbi,CMD,TRUE,FALSE,Adenoma;Colorectal Carcinoma;Healthy,feces,United States,IlluminaHiSeq,40461820,,,,,0,0,,not_processed,1.00,filename not *_sample.tsv - skipped by CI validator; BioProject unresolved
a8c8b3ae-791a-536a-8450-e0d98c69b09f,PiccinnoG_2025_f,PRJNA1167935,57,57,ncbi,CMD,TRUE,FALSE,Healthy;Colorectal Carcinoma,feces,Turkey,IlluminaNovaSeq,40461820,,,,,0,0,,not_processed,1.00,filename not *_sample.tsv - skipped by CI validator; BioProject unresolved
d9b16915-34b8-5998-bc52-48941d0a59c7,QianY_2020,PRJNA433459,80,80,ncbi,PMD,TRUE,TRUE,Healthy;Parkinson Disease,feces,China,IlluminaHiSeq,,,,,,0,0,,not_processed,1.00,BioProject unresolved
8171564b-943a-59bd-851a-e4d3945b8f30,QinJ_2012,PRJNA422434,363,199,ncbi,CMD,TRUE,TRUE,Healthy;Type 2 Diabetes Mellitus,feces,China,IlluminaHiSeq,23023125,,,,,0,0,,not_processed,0.55,BioProject unresolved
3e18bebf-6e53-5772-b578-6d232bc62aa2,QinN_2014,PRJEB6337,237,314,sra_meta,CMD,TRUE,TRUE,Healthy;Ascites;CTCAE;Cirrhosis;Hepatitis;(+2 more),feces,China,IlluminaHiSeq,25079328,,,,,0,0,,not_processed,1.32,
1197e14c-d097-5b2d-b513-da28ef1365e0,RampelliS_2015,PRJNA278393,38,38,sra_meta,CMD,TRUE,TRUE,Healthy,feces,Tanzania;United Republic of;Italy,IlluminaHiSeq,25981789,,,,,0,0,,not_processed,1.00,
39426af8-9291-52d9-932e-3ad6b0290c26,RaymondF_2016,PRJEB8094,72,1252,sra_meta,CMD,TRUE,TRUE,Healthy,feces,Canada,IlluminaHiSeq,26359913,,,,,25,407,CMD;RaymondF_2016,partial,17.39,
235b007c-d405-5ab3-8f19-7258259e7cbd,RosaBA_2018,PRJNA407815,24,24,sra_meta,CMD,TRUE,TRUE,Healthy;Parasite Present,feces,Indonesia;Liberia,IlluminaHiSeq,29486796,,,,,0,0,,not_processed,1.00,
a56bf0c8-a7a8-54f6-9215-97ce3965787b,RoutyB_2018,,219,0,,CMD,TRUE,FALSE,,feces,FRA,IonProton,,,,,,0,0,,no_run_accessions,,no run accessions in ncbi_accession; filename not *_sample.tsv - skipped by CI validator; BioProject unresolved
f7dd2af6-0e60-531d-8232-abb0a689954e,RubelMA_2020,PRJNA547591,175,175,sra_meta,CMD,TRUE,TRUE,Parasite Present;Healthy,feces,Cameroon,IlluminaHiSeq,32450885,,,,,0,0,,not_processed,1.00,
983c1d6c-d0f3-5473-8ef2-c12833b277dc,SampsonTR_2025,PRJNA1099939,216,216,telemetry,PMD,TRUE,TRUE,,feces,United States,IlluminaHiSeq,39893159,,,,,216,216,PRJNA1099939,processed,1.00,
1559210d-7e94-5c8c-ad3d-6ec2c4a39401,SankaranarayananK_2015,PRJNA299502,37,37,ncbi,CMD,TRUE,TRUE,Healthy;Type 2 Diabetes Mellitus,feces,United States,IlluminaHiSeq,26671671,,,,,0,0,,not_processed,1.00,BioProject unresolved
daa7048f-21a4-5a34-8444-bde6fd36d2db,SchirmerM_2016,PRJNA319574,471,875,ncbi,CMD,TRUE,TRUE,Healthy,feces,Netherlands,IlluminaHiSeq,27984736,,,,,0,0,,not_processed,1.86,BioProject unresolved
b97b679c-2211-5539-abc6-cf1a74c96967,SchonhoffA_2023,,46,0,,PMD,TRUE,TRUE,,feces,,IlluminaNovaSeq,37365181,,,,,0,0,,no_run_accessions,,no run accessions in ncbi_accession; BioProject unresolved
7fbe062e-c903-5304-9611-ebcac731677a,ShaoY_2019,PRJEB32631,1644,1644,ncbi,CMD,TRUE,TRUE,Healthy,feces,United Kingdom,IlluminaHiSeq,31534227,,,,,0,0,,not_processed,1.00,BioProject unresolved
275be25e-d44b-5b0b-90e4-b3bafa16eb1d,ShiB_2015,PRJNA255922,48,48,ncbi,CMD,TRUE,TRUE,Periodontitis,oral cavity,United States,IlluminaHiSeq,25691586,,,,,0,0,,not_processed,1.00,BioProject unresolved
2bd54ce9-fc58-5138-ad91-81c93c560bbe,SmitsSA_2017,PRJNA392180,40,40,ncbi,CMD,TRUE,TRUE,Healthy,feces,Tanzania;United Republic of,IlluminaHiSeq,28839072,,,,,25,25,CMD;SmitsSA_2017,partial,1.00,BioProject unresolved
d0a8e08b-f622-5fc2-8498-50276d094f64,Soto-GironMJ_2021,PRJNA486009,86,86,ncbi,CMD,TRUE,TRUE,Diarrhea;Healthy,feces,Ecuador,IlluminaHiSeq,33872206,,,,,0,0,,not_processed,1.00,BioProject unresolved
3df82c0b-afa3-5edf-9c50-53b4e9369abd,SpencerCN_2021,PRJNA770295,167,167,ncbi,CMD,TRUE,TRUE,melanoma,feces,United States,IlluminaHiSeq,34941392,,,,,0,0,,not_processed,1.00,BioProject unresolved
191b7f3c-e92d-5d69-be9f-4f8d727b2a29,TeeMZ_2022,PRJNA797994,650,650,ncbi,CMD,TRUE,TRUE,Helminthiasis;Healthy,feces,Malaysia,IlluminaNovaSeq,36476263,,,,,0,0,,not_processed,1.00,BioProject unresolved
244b8ac8-08a0-5f50-b8b3-afb61f02f26d,TettAJ_2016,PRJNA281366,89,0,sra_meta,CMD,TRUE,TRUE,Psoriasis;Arthritis,skin epidermis,Italy,IlluminaHiSeq,28649415,,,,,0,0,,no_run_accessions,,no run accessions in ncbi_accession
3864f026-8e5b-5fec-a4da-c4816dfcb017,TettAJ_2019_a,PRJNA529400,68,68,sra_meta,CMD,TRUE,TRUE,Healthy,feces,Tanzania;United Republic of,IlluminaHiSeq,31607556,,,,,0,0,,not_processed,1.00,
ff0a13c2-54a4-5efe-9649-dd495863ed23,TettAJ_2019_b,PRJNA529124,44,44,sra_meta,CMD,TRUE,TRUE,Healthy,feces,Ghana,IlluminaHiSeq,31607556,,,,,0,0,,not_processed,1.00,
75a46ad2-96f9-5111-856c-33249bc9ec94,TettAJ_2019_c,PRJNA504891,50,50,sra_meta,CMD,TRUE,TRUE,Healthy,feces,Ethiopia,IlluminaHiSeq,31607556,,,,,0,0,,not_processed,1.00,
4441e76a-4cb5-5fd2-a356-7b5988808245,ThomasAM_2018a,,80,0,,CMD,TRUE,TRUE,Metastatic Malignant Neoplasm;Adenoma;Colorectal Carcinoma;Hypercholesterolemia;Adenocarcinoma;(+3 more),feces,Italy,IlluminaHiSeq,30936548,,,,,0,0,,no_run_accessions,,no run accessions in ncbi_accession; BioProject unresolved
a593e97f-35a8-58a5-827a-5a5edeacc714,ThomasAM_2018b,,60,0,,CMD,TRUE,TRUE,Colorectal Carcinoma;Healthy,feces,Italy,IlluminaHiSeq,30936548,,,,,0,0,,no_run_accessions,,no run accessions in ncbi_accession; BioProject unresolved
9e76ba08-de54-5b7c-9688-7902450e8fcd,ThomasAM_2019_c,,80,0,,CMD,TRUE,TRUE,Colorectal Carcinoma;Healthy,feces,Japan,IlluminaHiSeq,30936548,,,,,0,0,,no_run_accessions,,no run accessions in ncbi_accession; BioProject unresolved
c275b9b6-1792-52df-872b-7854097fb33b,Valles-ColomerM_2023_a,PRJEB45799,27,26,ncbi,CMD,TRUE,TRUE,Healthy,feces,Argentina,IlluminaNovaSeq,,,,,,0,0,,not_processed,0.96,BioProject unresolved
2829f962-7b45-5040-846f-374f28db16d4,Valles-ColomerM_2023_b,PRJEB45799,27,27,ncbi,CMD,TRUE,TRUE,Healthy,feces,China,IlluminaNovaSeq,,,,,,0,0,,not_processed,1.00,BioProject unresolved
db4fdbfc-a79c-5c8b-ba8f-5e9732ee2c9f,Valles-ColomerM_2023_c,PRJEB45799,24,24,ncbi,CMD,TRUE,TRUE,Healthy,feces,Colombia,IlluminaNovaSeq,,,,,,0,0,,not_processed,1.00,BioProject unresolved
4a64d8d2-1817-5973-aade-52986a6e3b4f,Valles-ColomerM_2023_d,PRJEB45799,342,340,ncbi,CMD,TRUE,TRUE,Healthy,feces,Guinea-Bissau,IlluminaNovaSeq,,,,,,0,0,,not_processed,0.99,BioProject unresolved
6660d46d-9535-51b2-8b49-ea365c07e1d9,Valles-ColomerM_2023_e,PRJEB45799,104,104,ncbi,CMD,TRUE,TRUE,Healthy,feces,Italy,IlluminaHiSeq;IlluminaNovaSeq,,,,,,0,0,,not_processed,1.00,BioProject unresolved
cd92581a-e81f-5e2d-ad71-82638454a01d,VatanenT_2016,PRJNA290380,785,785,ncbi,CMD,TRUE,TRUE,Healthy;Pyelonephritis;Otitis Media;Pneumonia;bronchitis;(+11 more),feces,Finland;Russian Federation;Estonia,IlluminaHiSeq,27133167,,,,,0,0,,not_processed,1.00,BioProject unresolved
f6bc270d-3038-51f7-aa42-249bf065364b,VilaAV_2018,,355,0,,CMD,TRUE,TRUE,Inflammatory Bowel Disease;Ulcerative Colitis;Crohn Disease;Colitis,feces,Netherlands,IlluminaHiSeq,30567928,,,,,0,0,,no_run_accessions,,no run accessions in ncbi_accession; BioProject unresolved
9a9abd0b-7947-5993-8a03-9f46efaf86c1,VincentC_2016,PRJNA297252,229,241,ncbi,CMD,TRUE,TRUE,Healthy;Pneumonia;Abdominal Hernia;Clostridium difficile Infection;Cellulitis;(+3 more),feces,Canada,IlluminaHiSeq,26975510,,,,,0,0,,not_processed,1.05,BioProject unresolved
0422cfbc-f68f-50fd-9410-8393176652b9,VogtmannE_2016,PRJEB12449,110,882,sra_meta,CMD,TRUE,TRUE,Healthy;Colorectal Carcinoma,feces,United States,IlluminaHiSeq,27171425,,,,,25,200,CMD;VogtmannE_2016,partial,8.02,
2276fa62-0ad2-5e7f-83a5-d2635df4e66f,WallenZD_2022,PRJNA834801,724,724,telemetry,PMD,TRUE,TRUE,Healthy;Intestinal Disorder;Inflammatory Bowel Disease;Colitis;Crohn Disease;(+5 more),feces,United States,IlluminaNovaSeq,,,,,,725,567,PRJNA834801,partial,1.00,1 processed sample(s) not listed in the curated table
35e2b0a8-db3b-5ec4-a7ac-26e9c9a9b7d8,WampachL_2018,PRJNA379120,63,63,sra_meta,CMD,TRUE,TRUE,Healthy,feces;vagina,Luxembourg,IlluminaHiSeq;IlluminaNextSeq,30504906,,,,,0,0,,not_processed,1.00,
1afab0e5-a7ba-5a57-9cf6-46d1700e1539,WenC_2017,PRJNA356102,168,168,ncbi,CMD,TRUE,TRUE,RA;healthy,feces,CHN,IlluminaHiSeq,,,,,,0,0,,not_processed,1.00,BioProject unresolved
5d94b3b2-994d-5aee-af77-5f97da2a8a7f,WibowoMC_2021,PRJNA561510,22,22,ncbi,CMD,TRUE,TRUE,Healthy;Hypertension;Dyslipidemia;Hepatic Steatosis,feces,Mexico,IlluminaHiSeq,33981035,,,,,0,0,,not_processed,1.00,BioProject unresolved
8709bf5a-b58b-56d4-a333-18837cc987f5,WindTT_2020,,20,0,,CMD,TRUE,TRUE,Melanoma;Metastatic Malignant Neoplasm,feces,Netherlands,IlluminaHiSeq,31990790,,,,,0,0,,no_run_accessions,,no run accessions in ncbi_accession; BioProject unresolved
000b7a11-9df6-5d41-8d2e-3dba40e83f0c,WirbelJ_2018,PRJEB27928,125,82,ncbi,CMD,TRUE,TRUE,Healthy;Colorectal Carcinoma,feces,Germany,IlluminaHiSeq,30936547,,,,,14,13,CMD;WirbelJ_2018,partial,0.66,BioProject unresolved; 1 processed sample(s) not listed in the curated table
c373b0d2-2de4-5ebb-8f88-fc5f8de85659,XieH_2016,PRJEB9576,250,250,ncbi,CMD,TRUE,TRUE,Diabetes Mellitus;Migraine;Asthma;Healthy,feces,United Kingdom,IlluminaHiSeq,27818083,,,,,0,0,,not_processed,1.00,BioProject unresolved
dcfb9e53-cf7b-5aff-b623-d0131f072c38,XuQ_2021,PRJNA613947,347,347,ncbi,CMD,TRUE,TRUE,Hypertension;Healthy;Type 2 Diabetes Mellitus,feces,China,IlluminaHiSeq,,,,,,0,0,,not_processed,1.00,BioProject unresolved
442105b4-55a5-56b1-b6c2-e6c510e52289,YachidaS_2019,PRJNA1301078,616,0,sra_meta,CMD,TRUE,TRUE,Healthy;Colorectal Carcinoma;Adenoma;Carcinoma;Colon Polyp,feces,Japan,IlluminaHiSeq,31171880,,,,,0,0,,no_run_accessions,,no run accessions in ncbi_accession
c4226fe7-fe3d-5fc0-a5f3-2e5ffd148b27,YangJ_2020,PRJNA429097,193,193,ncbi,CMD,TRUE,TRUE,colorectal cancer;Healthy,feces,China,IlluminaHiSeq,31971861,,,,,0,0,,not_processed,1.00,BioProject unresolved
2a61dad6-eb16-57e6-b71c-45f6bf08445f,YassourM_2016,PRJEB1690,36,36,ncbi,CMD,TRUE,TRUE,Healthy,feces,Korea;Republic of,IlluminaHiSeq,26884067,,,,,0,0,,not_processed,1.00,BioProject unresolved
55f10c58-011c-5bb0-9ab3-6d2d4c24885c,YassourM_2018,PRJNA475246,271,271,ncbi,CMD,TRUE,TRUE,Healthy,feces,Finland,IlluminaHiSeq,30001517,,,,,0,0,,not_processed,1.00,BioProject unresolved
7cb7f28a-70d1-5b82-a6ba-ae4679d46c63,YeZ_2018,PRJNA431482,65,65,sra_meta,CMD,TRUE,TRUE,Behcet Syndrome;Healthy,feces,China,IlluminaHiSeq,30077182,,,,,0,0,,not_processed,1.00,
5151a2f9-9fd0-5004-ace5-47efc9e949d5,YeZ_2020,PRJNA356225,119,119,ncbi,CMD,TRUE,TRUE,Uveomeningoencephalitic Syndrome;Healthy,feces,China,Illumina TruSeq,,,,,,0,0,,not_processed,1.00,BioProject unresolved
a6e10d4f-4682-58b8-9436-f8caa8f8a199,YuJ_2015,PRJEB10878,128,128,sra_meta,CMD,TRUE,TRUE,Colorectal Carcinoma;Type 2 Diabetes Mellitus;Carcinoma;Healthy,feces,China,IlluminaHiSeq,26408641,,,,,25,25,CMD;YuJ_2015,partial,1.00,
9d0e9961-1b14-5530-a6c8-55ae2b7129e3,ZeeviD_2015,PRJEB11532,900,1242,ncbi,CMD,TRUE,TRUE,Healthy,feces,Israel,IlluminaHiSeq,26590418,,,,,0,0,,not_processed,1.38,BioProject unresolved
dcb95516-80a5-52fe-839f-9f276c928061,ZellerG_2014,PRJEB6070,156,922,ncbi,CMD,TRUE,TRUE,Healthy;Colorectal Carcinoma;Carcinoma;Adenoma;Small Intestinal Adenoma;(+1 more),feces,France,IlluminaHiSeq,25432777,,,,,25,162,CMD;ZellerG_2014,partial,5.91,BioProject unresolved
a112543a-a243-5cd9-9669-df1fea1ae4b0,ZhangM_2023,PRJNA985875,24,24,ncbi,PMD,TRUE,TRUE,Parkinson Disease,feces,China,IlluminaNovaSeq,37502423,,,,,0,0,,not_processed,1.00,BioProject unresolved
a3431509-60b9-5928-b66f-7acd0f4664e4,ZhangX_2015,PRJEB6997,232,232,ncbi,CMD,TRUE,TRUE,Healthy;Rheumatoid Arthritis,feces,China,IlluminaHiSeq,26214836,,,,,0,0,,not_processed,1.00,BioProject unresolved
2fdab353-662a-53ee-9b78-777344ff012a,ZhouC_2020,PRJEB29373,130,130,ncbi,CMD,TRUE,TRUE,Ankylosing Spondylitis;Spondyloarthritis;Healthy,feces,China,IlluminaHiSeq,31806420,,,,,0,0,,not_processed,1.00,BioProject unresolved
27e45413-f2b2-59c0-87ee-adb966e8ff62,ZhuF_2020,PRJEB29127,171,171,ncbi,CMD,TRUE,TRUE,Healthy;Schizophrenia,feces,China,IlluminaHiSeq,32235826,,,,,0,0,,not_processed,1.00,BioProject unresolved
33c5c6c0-a919-5aee-aacb-1da4d859f22b,iMSMS_2022,PRJEB32762,3190,4027,ncbi,CMD,TRUE,TRUE,Multiple Sclerosis;Depression;Healthy;anxiety;Eczema;(+6 more),feces,United States;Argentina;United Kingdom;Spain,IlluminaHiSeq,36113426,,,,,0,0,,not_processed,1.26,BioProject unresolved
