study_name	sample_id	subject_id	target_condition	target_condition_ontology_term_id	host_species	host_species_ontology_term_id	body_site	body_site_ontology_term_id	control	control_ontology_term_id	age	age_unit	age_unit_ontology_term_id	sex	sex_ontology_term_id	curator	sequencing_platform	pmid	country	location	westernized	ncbi_accession
SampsonTR_2025	hSCATG057AM1_12MTH_12122020	hSCATG057AM1	Parkinson Disease	NCIT:C26845	Mus musculus	NCBITaxon:10090	feces	NCIT:C13234	Study Control	NCIT:C142703	12	Month	NCIT:C29846	Male	NCIT:C20197	Kaelyn Long	IlluminaHiSeq	39893159	United States	Alabama	Yes	SRR28674661
SampsonTR_2025	hSCATG039AM6_1MTH_08082019	hSCATG039AM6	Parkinson Disease	NCIT:C26845	Mus musculus	NCBITaxon:10090	feces	NCIT:C13235	Study Control	NCIT:C142703	1	Month	NCIT:C29846	Male	NCIT:C20197	Kaelyn Long	IlluminaHiSeq	39893159	United States	Alabama	Yes	SRR28674665
SampsonTR_2025	hSCATG039AM3_1MTH_08082019	hSCATG039AM3	Parkinson Disease	NCIT:C26845	Mus musculus	NCBITaxon:10090	feces	NCIT:C13236	Case	NCIT:C49152	1	Month	NCIT:C29846	Male	NCIT:C20197	Kaelyn Long	IlluminaHiSeq	39893159	United States	Alabama	Yes	SRR28674669
SampsonTR_2025	hSCATG039AM3_12MTH_07082020	hSCATG039AM3	Parkinson Disease	NCIT:C26845	Mus musculus	NCBITaxon:10090	feces	NCIT:C13237	Case	NCIT:C49152	12	Month	NCIT:C29846	Male	NCIT:C20197	Kaelyn Long	IlluminaHiSeq	39893159	United States	Alabama	Yes	SRR28674670
SampsonTR_2025	hSCATG039AM2_6MTH_01082020	hSCATG039AM2	Parkinson Disease	NCIT:C26845	Mus musculus	NCBITaxon:10090	feces	NCIT:C13238	Study Control	NCIT:C142703	6	Month	NCIT:C29846	Male	NCIT:C20197	Kaelyn Long	IlluminaHiSeq	39893159	United States	Alabama	Yes	SRR28674671
SampsonTR_2025	hSCATG039AM2_3MTH_10082019	hSCATG039AM2	Parkinson Disease	NCIT:C26845	Mus musculus	NCBITaxon:10090	feces	NCIT:C13239	Study Control	NCIT:C142703	3	Month	NCIT:C29846	Male	NCIT:C20197	Kaelyn Long	IlluminaHiSeq	39893159	United States	Alabama	Yes	SRR28674672
SampsonTR_2025	hSCATG037AM1_3MTH_10082019	hSCATG037AM1	Parkinson Disease	NCIT:C26845	Mus musculus	NCBITaxon:10090	feces	NCIT:C13240	Case	NCIT:C49152	3	Month	NCIT:C29846	Male	NCIT:C20197	Kaelyn Long	IlluminaHiSeq	39893159	United States	Alabama	Yes	SRR28674677
SampsonTR_2025	hSCATG020AM1_1MTH_07052019	hSCATG020AM1	Parkinson Disease	NCIT:C26845	Mus musculus	NCBITaxon:10090	feces	NCIT:C13241	Study Control	NCIT:C142703	1	Month	NCIT:C29846	Male	NCIT:C20197	Kaelyn Long	IlluminaHiSeq	39893159	United States	Alabama	Yes	SRR28674678
SampsonTR_2025	hSCATG034AM2_12MTH_06302020	hSCATG034AM2	Parkinson Disease	NCIT:C26845	Mus musculus	NCBITaxon:10090	feces	NCIT:C13242	Case	NCIT:C49152	12	Month	NCIT:C29846	Male	NCIT:C20197	Kaelyn Long	IlluminaHiSeq	39893159	United States	Alabama	Yes	SRR28674684
SampsonTR_2025	hSCATG034AM1_6MTH_01022020	hSCATG034AM1	Parkinson Disease	NCIT:C26845	Mus musculus	NCBITaxon:10090	feces	NCIT:C13243	Case	NCIT:C49152	6	Month	NCIT:C29846	Male	NCIT:C20197	Kaelyn Long	IlluminaHiSeq	39893159	United States	Alabama	Yes	SRR28674685
SampsonTR_2025	hSCATG018AM5_1MTH_07012019	hSCATG018AM5	Parkinson Disease	NCIT:C26845	Mus musculus	NCBITaxon:10090	feces	NCIT:C13244	Study Control	NCIT:C142703	1	Month	NCIT:C29846	Male	NCIT:C20197	Kaelyn Long	IlluminaHiSeq	39893159	United States	Alabama	Yes	SRR28674691
SampsonTR_2025	hSCATG027AM2_1MTH_07152019	hSCATG027AM2	Parkinson Disease	NCIT:C26845	Mus musculus	NCBITaxon:10090	feces	NCIT:C13245	Case	NCIT:C49152	1	Month	NCIT:C29846	Male	NCIT:C20197	Kaelyn Long	IlluminaHiSeq	39893159	United States	Alabama	Yes	SRR28674701
SampsonTR_2025	hSCATG027AM2_12MTH_06142020	hSCATG027AM2	Parkinson Disease	NCIT:C26845	Mus musculus	NCBITaxon:10090	feces	NCIT:C13246	Case	NCIT:C49152	12	Month	NCIT:C29846	Male	NCIT:C20197	Kaelyn Long	IlluminaHiSeq	39893159	United States	Alabama	Yes	SRR28674702
SampsonTR_2025	hSCATG026AM5_1MTH_07152019	hSCATG026AM5	Parkinson Disease	NCIT:C26845	Mus musculus	NCBITaxon:10090	feces	NCIT:C13247	Case	NCIT:C49152	1	Month	NCIT:C29846	Male	NCIT:C20197	Kaelyn Long	IlluminaHiSeq	39893159	United States	Alabama	Yes	SRR28674706
SampsonTR_2025	hSCATG026AM5_12MTH_06142020	hSCATG026AM5	Parkinson Disease	NCIT:C26845	Mus musculus	NCBITaxon:10090	feces	NCIT:C13248	Case	NCIT:C49152	12	Month	NCIT:C29846	Male	NCIT:C20197	Kaelyn Long	IlluminaHiSeq	39893159	United States	Alabama	Yes	SRR28674707
SampsonTR_2025	hSCATG026AM4_6MTH_12162019	hSCATG026AM4	Parkinson Disease	NCIT:C26845	Mus musculus	NCBITaxon:10090	feces	NCIT:C13249	Case	NCIT:C49152	6	Month	NCIT:C29846	Male	NCIT:C20197	Kaelyn Long	IlluminaHiSeq	39893159	United States	Alabama	Yes	SRR28674708
SampsonTR_2025	hSCATG026AM2_3MTH_09162019	hSCATG026AM2	Parkinson Disease	NCIT:C26845	Mus musculus	NCBITaxon:10090	feces	NCIT:C13250	Study Control	NCIT:C142703	3	Month	NCIT:C29846	Male	NCIT:C20197	Kaelyn Long	IlluminaHiSeq	39893159	United States	Alabama	Yes	SRR28674718
SampsonTR_2025	hSCATG026AM2_1MTH_07152019	hSCATG026AM2	Parkinson Disease	NCIT:C26845	Mus musculus	NCBITaxon:10090	feces	NCIT:C13251	Study Control	NCIT:C142703	1	Month	NCIT:C29846	Male	NCIT:C20197	Kaelyn Long	IlluminaHiSeq	39893159	United States	Alabama	Yes	SRR28674719
SampsonTR_2025	hSCATG040AM6_6MTH_01082020	hSCATG040AM6	Parkinson Disease	NCIT:C26845	Mus musculus	NCBITaxon:10090	feces	NCIT:C13252	Study Control	NCIT:C142703	6	Month	NCIT:C29846	Male	NCIT:C20197	Kaelyn Long	IlluminaHiSeq	39893159	United States	Alabama	Yes	SRR28674720
SampsonTR_2025	hSCATG040AM6_3MTH_10082019	hSCATG040AM6	Parkinson Disease	NCIT:C26845	Mus musculus	NCBITaxon:10090	feces	NCIT:C13253	Study Control	NCIT:C142703	3	Month	NCIT:C29846	Male	NCIT:C20197	Kaelyn Long	IlluminaHiSeq	39893159	United States	Alabama	Yes	SRR28674721
SampsonTR_2025	hSCATG040AM6_1MTH_08082019	hSCATG040AM6	Parkinson Disease	NCIT:C26845	Mus musculus	NCBITaxon:10090	feces	NCIT:C13254	Study Control	NCIT:C142703	1	Month	NCIT:C29846	Male	NCIT:C20197	Kaelyn Long	IlluminaHiSeq	39893159	United States	Alabama	Yes	SRR28674722
SampsonTR_2025	hSCATG040AM6_12MTH_07082020	hSCATG040AM6	Parkinson Disease	NCIT:C26845	Mus musculus	NCBITaxon:10090	feces	NCIT:C13255	Study Control	NCIT:C142703	12	Month	NCIT:C29846	Male	NCIT:C20197	Kaelyn Long	IlluminaHiSeq	39893159	United States	Alabama	Yes	SRR28674723
SampsonTR_2025	hSCATG021AM1_12MTH_06042020	hSCATG021AM1	Parkinson Disease	NCIT:C26845	Mus musculus	NCBITaxon:10090	feces	NCIT:C13256	Study Control	NCIT:C142703	12	Month	NCIT:C29846	Male	NCIT:C20197	Kaelyn Long	IlluminaHiSeq	39893159	United States	Alabama	Yes	SRR28674724
SampsonTR_2025	hSCATG040AM5_6MTH_01082020	hSCATG040AM5	Parkinson Disease	NCIT:C26845	Mus musculus	NCBITaxon:10090	feces	NCIT:C13257	Case	NCIT:C49152	6	Month	NCIT:C29846	Male	NCIT:C20197	Kaelyn Long	IlluminaHiSeq	39893159	United States	Alabama	Yes	SRR28674725
SampsonTR_2025	hSCATG040AM5_3MTH_10082019	hSCATG040AM5	Parkinson Disease	NCIT:C26845	Mus musculus	NCBITaxon:10090	feces	NCIT:C13258	Case	NCIT:C49152	3	Month	NCIT:C29846	Male	NCIT:C20197	Kaelyn Long	IlluminaHiSeq	39893159	United States	Alabama	Yes	SRR28674726
SampsonTR_2025	hSCATG027AM3_6MTH_12162019	hSCATG027AM3	Parkinson Disease	NCIT:C26845	Mus musculus	NCBITaxon:10090	feces	NCIT:C13259	Case	NCIT:C49152	6	Month	NCIT:C29846	Male	NCIT:C20197	Kaelyn Long	IlluminaHiSeq	39893159	United States	Alabama	Yes	SRR28674743
SampsonTR_2025	hSCATG025AM4_1MTH_07152019	hSCATG025AM4	Parkinson Disease	NCIT:C26845	Mus musculus	NCBITaxon:10090	feces	NCIT:C13260	Study Control	NCIT:C142703	1	Month	NCIT:C29846	Male	NCIT:C20197	Kaelyn Long	IlluminaHiSeq	39893159	United States	Alabama	Yes	SRR28674749
SampsonTR_2025	hSCATG025AM4_12MTH_06112020	hSCATG025AM4	Parkinson Disease	NCIT:C26845	Mus musculus	NCBITaxon:10090	feces	NCIT:C13261	Study Control	NCIT:C142703	12	Month	NCIT:C29846	Male	NCIT:C20197	Kaelyn Long	IlluminaHiSeq	39893159	United States	Alabama	Yes	SRR28674750
SampsonTR_2025	hSCATG025AM2_6MTH_12162019	hSCATG025AM2	Parkinson Disease	NCIT:C26845	Mus musculus	NCBITaxon:10090	feces	NCIT:C13262	Study Control	NCIT:C142703	6	Month	NCIT:C29846	Male	NCIT:C20197	Kaelyn Long	IlluminaHiSeq	39893159	United States	Alabama	Yes	SRR28674751
SampsonTR_2025	hSCATG022AM2_3MTH_09032019	hSCATG022AM2	Parkinson Disease	NCIT:C26845	Mus musculus	NCBITaxon:10090	feces	NCIT:C13263	Study Control	NCIT:C142703	3	Month	NCIT:C29846	Male	NCIT:C20197	Kaelyn Long	IlluminaHiSeq	39893159	United States	Alabama	Yes	SRR28674758
SampsonTR_2025	hSCATG021AM5_6MTH_12032019	hSCATG021AM5	Parkinson Disease	NCIT:C26845	Mus musculus	NCBITaxon:10090	feces	NCIT:C13264	Study Control	NCIT:C142703	6	Month	NCIT:C29846	Male	NCIT:C20197	Kaelyn Long	IlluminaHiSeq	39893159	United States	Alabama	Yes	SRR28674761
SampsonTR_2025	hSCATG021AM5_3MTH_09032019	hSCATG021AM5	Parkinson Disease	NCIT:C26845	Mus musculus	NCBITaxon:10090	feces	NCIT:C13265	Study Control	NCIT:C142703	3	Month	NCIT:C29846	Male	NCIT:C20197	Kaelyn Long	IlluminaHiSeq	39893159	United States	Alabama	Yes	SRR28674762
SampsonTR_2025	hSCATG021AM5_1MTH_07052019	hSCATG021AM5	Parkinson Disease	NCIT:C26845	Mus musculus	NCBITaxon:10090	feces	NCIT:C13266	Study Control	NCIT:C142703	1	Month	NCIT:C29846	Male	NCIT:C20197	Kaelyn Long	IlluminaHiSeq	39893159	United States	Alabama	Yes	SRR28674763
SampsonTR_2025	hSCATG021AM5_12MTH_06042020	hSCATG021AM5	Parkinson Disease	NCIT:C26845	Mus musculus	NCBITaxon:10090	feces	NCIT:C13267	Study Control	NCIT:C142703	12	Month	NCIT:C29846	Male	NCIT:C20197	Kaelyn Long	IlluminaHiSeq	39893159	United States	Alabama	Yes	SRR28674764
SampsonTR_2025	hSCATG021AM4_6MTH_12032019	hSCATG021AM4	Parkinson Disease	NCIT:C26845	Mus musculus	NCBITaxon:10090	feces	NCIT:C13268	Study Control	NCIT:C142703	6	Month	NCIT:C29846	Male	NCIT:C20197	Kaelyn Long	IlluminaHiSeq	39893159	United States	Alabama	Yes	SRR28674765
SampsonTR_2025	hSCATG021AM4_3MTH_09032019	hSCATG021AM4	Parkinson Disease	NCIT:C26845	Mus musculus	NCBITaxon:10090	feces	NCIT:C13269	Study Control	NCIT:C142703	3	Month	NCIT:C29846	Male	NCIT:C20197	Kaelyn Long	IlluminaHiSeq	39893159	United States	Alabama	Yes	SRR28674766
SampsonTR_2025	hSCATG021AM4_12MTH_06042020	hSCATG021AM4	Parkinson Disease	NCIT:C26845	Mus musculus	NCBITaxon:10090	feces	NCIT:C13270	Study Control	NCIT:C142703	12	Month	NCIT:C29846	Male	NCIT:C20197	Kaelyn Long	IlluminaHiSeq	39893159	United States	Alabama	Yes	SRR28674769
SampsonTR_2025	hSCATG021AM3_6MTH_12032019	hSCATG021AM3	Parkinson Disease	NCIT:C26845	Mus musculus	NCBITaxon:10090	feces	NCIT:C13271	Study Control	NCIT:C142703	6	Month	NCIT:C29846	Male	NCIT:C20197	Kaelyn Long	IlluminaHiSeq	39893159	United States	Alabama	Yes	SRR28674770
SampsonTR_2025	hSCATG021AM3_3MTH_09032019	hSCATG021AM3	Parkinson Disease	NCIT:C26845	Mus musculus	NCBITaxon:10090	feces	NCIT:C13272	Study Control	NCIT:C142703	3	Month	NCIT:C29846	Male	NCIT:C20197	Kaelyn Long	IlluminaHiSeq	39893159	United States	Alabama	Yes	SRR28674771
SampsonTR_2025	hSCATG021AM3_1MTH_07052019	hSCATG021AM3	Parkinson Disease	NCIT:C26845	Mus musculus	NCBITaxon:10090	feces	NCIT:C13273	Study Control	NCIT:C142703	1	Month	NCIT:C29846	Male	NCIT:C20197	Kaelyn Long	IlluminaHiSeq	39893159	United States	Alabama	Yes	SRR28674772
SampsonTR_2025	hSCATG021AM3_12MTH_06042020	hSCATG021AM3	Parkinson Disease	NCIT:C26845	Mus musculus	NCBITaxon:10090	feces	NCIT:C13274	Study Control	NCIT:C142703	12	Month	NCIT:C29846	Male	NCIT:C20197	Kaelyn Long	IlluminaHiSeq	39893159	United States	Alabama	Yes	SRR28674773
SampsonTR_2025	hSCATG021AM2_6MTH_12032019	hSCATG021AM2	Parkinson Disease	NCIT:C26845	Mus musculus	NCBITaxon:10090	feces	NCIT:C13275	Case	NCIT:C49152	6	Month	NCIT:C29846	Male	NCIT:C20197	Kaelyn Long	IlluminaHiSeq	39893159	United States	Alabama	Yes	SRR28674774
SampsonTR_2025	hSCATG058AM5_1MTH_01172020	hSCATG058AM5	Parkinson Disease	NCIT:C26845	Mus musculus	NCBITaxon:10090	feces	NCIT:C13276	Study Control	NCIT:C142703	1	Month	NCIT:C29846	Male	NCIT:C20197	Kaelyn Long	IlluminaHiSeq	39893159	United States	Alabama	Yes	SRR28674778
SampsonTR_2025	hSCATG058AM5_12MTH_12122020	hSCATG058AM5	Parkinson Disease	NCIT:C26845	Mus musculus	NCBITaxon:10090	feces	NCIT:C13277	Study Control	NCIT:C142703	12	Month	NCIT:C29846	Male	NCIT:C20197	Kaelyn Long	IlluminaHiSeq	39893159	United States	Alabama	Yes	SRR28674779
SampsonTR_2025	hSCATG058AM4_6MTH_06142020	hSCATG058AM4	Parkinson Disease	NCIT:C26845	Mus musculus	NCBITaxon:10090	feces	NCIT:C13278	Case	NCIT:C49152	6	Month	NCIT:C29846	Male	NCIT:C20197	Kaelyn Long	IlluminaHiSeq	39893159	United States	Alabama	Yes	SRR28674780
SampsonTR_2025	hSCATG058AM4_3MTH_04072020	hSCATG058AM4	Parkinson Disease	NCIT:C26845	Mus musculus	NCBITaxon:10090	feces	NCIT:C13279	Case	NCIT:C49152	3	Month	NCIT:C29846	Male	NCIT:C20197	Kaelyn Long	IlluminaHiSeq	39893159	United States	Alabama	Yes	SRR28674781
SampsonTR_2025	hSCATG021AM2_1MTH_07052019	hSCATG021AM2	Parkinson Disease	NCIT:C26845	Mus musculus	NCBITaxon:10090	feces	NCIT:C13280	Case	NCIT:C49152	1	Month	NCIT:C29846	Male	NCIT:C20197	Kaelyn Long	IlluminaHiSeq	39893159	United States	Alabama	Yes	SRR28674782
SampsonTR_2025	hSCATG058AM4_1MTH_01172020	hSCATG058AM4	Parkinson Disease	NCIT:C26845	Mus musculus	NCBITaxon:10090	feces	NCIT:C13281	Case	NCIT:C49152	1	Month	NCIT:C29846	Male	NCIT:C20197	Kaelyn Long	IlluminaHiSeq	39893159	United States	Alabama	Yes	SRR28674783
SampsonTR_2025	hSCATG058AM4_12MTH_12122020	hSCATG058AM4	Parkinson Disease	NCIT:C26845	Mus musculus	NCBITaxon:10090	feces	NCIT:C13282	Case	NCIT:C49152	12	Month	NCIT:C29846	Male	NCIT:C20197	Kaelyn Long	IlluminaHiSeq	39893159	United States	Alabama	Yes	SRR28674784
SampsonTR_2025	hSCATG058AM3_6MTH_06142020	hSCATG058AM3	Parkinson Disease	NCIT:C26845	Mus musculus	NCBITaxon:10090	feces	NCIT:C13283	Study Control	NCIT:C142703	6	Month	NCIT:C29846	Male	NCIT:C20197	Kaelyn Long	IlluminaHiSeq	39893159	United States	Alabama	Yes	SRR28674785
SampsonTR_2025	hSCATG016AM3_3MTH_09032019	hSCATG016AM3	Parkinson Disease	NCIT:C26845	Mus musculus	NCBITaxon:10090	feces	NCIT:C13284	Study Control	NCIT:C142703	3	Month	NCIT:C29846	Male	NCIT:C20197	Kaelyn Long	IlluminaHiSeq	39893159	United States	Alabama	Yes	SRR28674786
SampsonTR_2025	hSCATG057AM1_6MTH_06142020	hSCATG057AM1	Parkinson Disease	NCIT:C26845	Mus musculus	NCBITaxon:10090	feces	NCIT:C13285	Study Control	NCIT:C142703	6	Month	NCIT:C29846	Male	NCIT:C20197	Kaelyn Long	IlluminaHiSeq	39893159	United States	Alabama	Yes	SRR28674787
SampsonTR_2025	hSCATG058AM3_12MTH_12122020	hSCATG058AM3	Parkinson Disease	NCIT:C26845	Mus musculus	NCBITaxon:10090	feces	NCIT:C13286	Study Control	NCIT:C142703	12	Month	NCIT:C29846	Male	NCIT:C20197	Kaelyn Long	IlluminaHiSeq	39893159	United States	Alabama	Yes	SRR28674788
SampsonTR_2025	hSCATG058AM2_6MTH_06142020	hSCATG058AM2	Parkinson Disease	NCIT:C26845	Mus musculus	NCBITaxon:10090	feces	NCIT:C13287	Study Control	NCIT:C142703	6	Month	NCIT:C29846	Male	NCIT:C20197	Kaelyn Long	IlluminaHiSeq	39893159	United States	Alabama	Yes	SRR28674789
SampsonTR_2025	hSCATG058AM2_3MTH_04072020	hSCATG058AM2	Parkinson Disease	NCIT:C26845	Mus musculus	NCBITaxon:10090	feces	NCIT:C13288	Study Control	NCIT:C142703	3	Month	NCIT:C29846	Male	NCIT:C20197	Kaelyn Long	IlluminaHiSeq	39893159	United States	Alabama	Yes	SRR28674790
SampsonTR_2025	hSCATG053AM1_1MTH_12192019	hSCATG053AM1	Parkinson Disease	NCIT:C26845	Mus musculus	NCBITaxon:10090	feces	NCIT:C13289	Case	NCIT:C49152	1	Month	NCIT:C29846	Male	NCIT:C20197	Kaelyn Long	IlluminaHiSeq	39893159	United States	Alabama	Yes	SRR28674794
SampsonTR_2025	hSCATG053AM1_12MTH_12122020	hSCATG053AM1	Parkinson Disease	NCIT:C26845	Mus musculus	NCBITaxon:10090	feces	NCIT:C13290	Case	NCIT:C49152	12	Month	NCIT:C29846	Male	NCIT:C20197	Kaelyn Long	IlluminaHiSeq	39893159	United States	Alabama	Yes	SRR28674795
SampsonTR_2025	hSCATG043AM4_6MTH_02102020	hSCATG043AM4	Parkinson Disease	NCIT:C26845	Mus musculus	NCBITaxon:10090	feces	NCIT:C13291	Study Control	NCIT:C142703	6	Month	NCIT:C29846	Male	NCIT:C20197	Kaelyn Long	IlluminaHiSeq	39893159	United States	Alabama	Yes	SRR28674796
SampsonTR_2025	hSCATG043AM4_3MTH_11122019	hSCATG043AM4	Parkinson Disease	NCIT:C26845	Mus musculus	NCBITaxon:10090	feces	NCIT:C13292	Study Control	NCIT:C142703	3	Month	NCIT:C29846	Male	NCIT:C20197	Kaelyn Long	IlluminaHiSeq	39893159	United States	Alabama	Yes	SRR28674797
SampsonTR_2025	hSCATG043AM4_1MTH_09112019	hSCATG043AM4	Parkinson Disease	NCIT:C26845	Mus musculus	NCBITaxon:10090	feces	NCIT:C13293	Study Control	NCIT:C142703	1	Month	NCIT:C29846	Male	NCIT:C20197	Kaelyn Long	IlluminaHiSeq	39893159	United States	Alabama	Yes	SRR28674798
SampsonTR_2025	hSCATG043AM4_12MTH_08112020	hSCATG043AM4	Parkinson Disease	NCIT:C26845	Mus musculus	NCBITaxon:10090	feces	NCIT:C13294	Study Control	NCIT:C142703	12	Month	NCIT:C29846	Male	NCIT:C20197	Kaelyn Long	IlluminaHiSeq	39893159	United States	Alabama	Yes	SRR28674799
SampsonTR_2025	hSCATG043AM3_6MTH_02102020	hSCATG043AM3	Parkinson Disease	NCIT:C26845	Mus musculus	NCBITaxon:10090	feces	NCIT:C13295	Case	NCIT:C49152	6	Month	NCIT:C29846	Male	NCIT:C20197	Kaelyn Long	IlluminaHiSeq	39893159	United States	Alabama	Yes	SRR28674801
SampsonTR_2025	hSCATG041AM3_3MTH_10082019	hSCATG041AM3	Parkinson Disease	NCIT:C26845	Mus musculus	NCBITaxon:10090	feces	NCIT:C13296	Case	NCIT:C49152	3	Month	NCIT:C29846	Male	NCIT:C20197	Kaelyn Long	IlluminaHiSeq	39893159	United States	Alabama	Yes	SRR28674802
SampsonTR_2025	hSCATG021AM1_1MTH_07052019	hSCATG021AM1	Parkinson Disease	NCIT:C26845	Mus musculus	NCBITaxon:10090	feces	NCIT:C13297	Study Control	NCIT:C142703	1	Month	NCIT:C29846	Male	NCIT:C20197	Kaelyn Long	IlluminaHiSeq	39893159	United States	Alabama	Yes	SRR28674803
SampsonTR_2025	hSCATG041AM3_1MTH_08082019	hSCATG041AM3	Parkinson Disease	NCIT:C26845	Mus musculus	NCBITaxon:10090	feces	NCIT:C13298	Case	NCIT:C49152	1	Month	NCIT:C29846	Male	NCIT:C20197	Kaelyn Long	IlluminaHiSeq	39893159	United States	Alabama	Yes	SRR28674804
SampsonTR_2025	hSCATG041AM1_6MTH_01082020	hSCATG041AM1	Parkinson Disease	NCIT:C26845	Mus musculus	NCBITaxon:10090	feces	NCIT:C13299	Case	NCIT:C49152	6	Month	NCIT:C29846	Male	NCIT:C20197	Kaelyn Long	IlluminaHiSeq	39893159	United States	Alabama	Yes	SRR28674806
SampsonTR_2025	hSCATG041AM1_3MTH_10082019	hSCATG041AM1	Parkinson Disease	NCIT:C26845	Mus musculus	NCBITaxon:10090	feces	NCIT:C13300	Case	NCIT:C49152	3	Month	NCIT:C29846	Male	NCIT:C20197	Kaelyn Long	IlluminaHiSeq	39893159	United States	Alabama	Yes	SRR28674807
SampsonTR_2025	hSCATG041AM1_1MTH_08082019	hSCATG041AM1	Parkinson Disease	NCIT:C26845	Mus musculus	NCBITaxon:10090	feces	NCIT:C13301	Case	NCIT:C49152	1	Month	NCIT:C29846	Male	NCIT:C20197	Kaelyn Long	IlluminaHiSeq	39893159	United States	Alabama	Yes	SRR28674808
SampsonTR_2025	hSCATG041AM1_12MTH_07082020	hSCATG041AM1	Parkinson Disease	NCIT:C26845	Mus musculus	NCBITaxon:10090	feces	NCIT:C13302	Case	NCIT:C49152	12	Month	NCIT:C29846	Male	NCIT:C20197	Kaelyn Long	IlluminaHiSeq	39893159	United States	Alabama	Yes	SRR28674809
SampsonTR_2025	hSCATG039AM7_6MTH_01082020	hSCATG039AM7	Parkinson Disease	NCIT:C26845	Mus musculus	NCBITaxon:10090	feces	NCIT:C13303	Study Control	NCIT:C142703	6	Month	NCIT:C29846	Male	NCIT:C20197	Kaelyn Long	IlluminaHiSeq	39893159	United States	Alabama	Yes	SRR28674811
SampsonTR_2025	hSCATG039AM7_3MTH_10082019	hSCATG039AM7	Parkinson Disease	NCIT:C26845	Mus musculus	NCBITaxon:10090	feces	NCIT:C13304	Study Control	NCIT:C142703	3	Month	NCIT:C29846	Male	NCIT:C20197	Kaelyn Long	IlluminaHiSeq	39893159	United States	Alabama	Yes	SRR28674812
SampsonTR_2025	hSCATG039AM7_1MTH_08082019	hSCATG039AM7	Parkinson Disease	NCIT:C26845	Mus musculus	NCBITaxon:10090	feces	NCIT:C13305	Study Control	NCIT:C142703	1	Month	NCIT:C29846	Male	NCIT:C20197	Kaelyn Long	IlluminaHiSeq	39893159	United States	Alabama	Yes	SRR28674813
SampsonTR_2025	hSCATG036AM3_3MTH_10032019	hSCATG036AM3	Parkinson Disease	NCIT:C26845	Mus musculus	NCBITaxon:10090	feces	NCIT:C13306	Study Control	NCIT:C142703	3	Month	NCIT:C29846	Male	NCIT:C20197	Kaelyn Long	IlluminaHiSeq	39893159	United States	Alabama	Yes	SRR28674819
SampsonTR_2025	hSCATG036AM3_1MTH_08012019	hSCATG036AM3	Parkinson Disease	NCIT:C26845	Mus musculus	NCBITaxon:10090	feces	NCIT:C13307	Study Control	NCIT:C142703	1	Month	NCIT:C29846	Male	NCIT:C20197	Kaelyn Long	IlluminaHiSeq	39893159	United States	Alabama	Yes	SRR28674820
SampsonTR_2025	hSCATG036AM3_12MTH_06302020	hSCATG036AM3	Parkinson Disease	NCIT:C26845	Mus musculus	NCBITaxon:10090	feces	NCIT:C13308	Study Control	NCIT:C142703	12	Month	NCIT:C29846	Male	NCIT:C20197	Kaelyn Long	IlluminaHiSeq	39893159	United States	Alabama	Yes	SRR28674821
SampsonTR_2025	hSCATG036AM1_6MTH_01022020	hSCATG036AM1	Parkinson Disease	NCIT:C26845	Mus musculus	NCBITaxon:10090	feces	NCIT:C13309	Study Control	NCIT:C142703	6	Month	NCIT:C29846	Male	NCIT:C20197	Kaelyn Long	IlluminaHiSeq	39893159	United States	Alabama	Yes	SRR28674822
SampsonTR_2025	hSCATG036AM1_3MTH_10032019	hSCATG036AM1	Parkinson Disease	NCIT:C26845	Mus musculus	NCBITaxon:10090	feces	NCIT:C13310	Study Control	NCIT:C142703	3	Month	NCIT:C29846	Male	NCIT:C20197	Kaelyn Long	IlluminaHiSeq	39893159	United States	Alabama	Yes	SRR28674823
SampsonTR_2025	hSCATG036AM1_1MTH_08012019	hSCATG036AM1	Parkinson Disease	NCIT:C26845	Mus musculus	NCBITaxon:10090	feces	NCIT:C13311	Study Control	NCIT:C142703	1	Month	NCIT:C29846	Male	NCIT:C20197	Kaelyn Long	IlluminaHiSeq	39893159	United States	Alabama	Yes	SRR28674824
SampsonTR_2025	hSCATG036AM1_12MTH_06302020	hSCATG036AM1	Parkinson Disease	NCIT:C26845	Mus musculus	NCBITaxon:10090	feces	NCIT:C13312	Study Control	NCIT:C142703	12	Month	NCIT:C29846	Male	NCIT:C20197	Kaelyn Long	IlluminaHiSeq	39893159	United States	Alabama	Yes	SRR28674825
SampsonTR_2025	hSCATG034AM5_1MTH_08012019	hSCATG034AM5	Parkinson Disease	NCIT:C26845	Mus musculus	NCBITaxon:10090	feces	NCIT:C13313	Study Control	NCIT:C142703	1	Month	NCIT:C29846	Male	NCIT:C20197	Kaelyn Long	IlluminaHiSeq	39893159	United States	Alabama	Yes	SRR28674826
SampsonTR_2025	hSCATG034AM5_12MTH_06302020	hSCATG034AM5	Parkinson Disease	NCIT:C26845	Mus musculus	NCBITaxon:10090	feces	NCIT:C13314	Study Control	NCIT:C142703	12	Month	NCIT:C29846	Male	NCIT:C20197	Kaelyn Long	IlluminaHiSeq	39893159	United States	Alabama	Yes	SRR28674827
SampsonTR_2025	hSCATG034AM3_1MTH_08012019	hSCATG034AM3	Parkinson Disease	NCIT:C26845	Mus musculus	NCBITaxon:10090	feces	NCIT:C13315	Study Control	NCIT:C142703	1	Month	NCIT:C29846	Male	NCIT:C20197	Kaelyn Long	IlluminaHiSeq	39893159	United States	Alabama	Yes	SRR28674830
SampsonTR_2025	hSCATG034AM3_12MTH_06302020	hSCATG034AM3	Parkinson Disease	NCIT:C26845	Mus musculus	NCBITaxon:10090	feces	NCIT:C13316	Study Control	NCIT:C142703	12	Month	NCIT:C29846	Male	NCIT:C20197	Kaelyn Long	IlluminaHiSeq	39893159	United States	Alabama	Yes	SRR28674831
SampsonTR_2025	hSCATG018AM5_3MTH_09032019	hSCATG018AM5	Parkinson Disease	NCIT:C26845	Mus musculus	NCBITaxon:10090	feces	NCIT:C13317	Study Control	NCIT:C142703	3	Month	NCIT:C29846	Male	NCIT:C20197	Kaelyn Long	IlluminaHiSeq	39893159	United States	Alabama	Yes	SRR28674832
SampsonTR_2025	hSCATG016AM3_1MTH_07012019	hSCATG016AM3	Parkinson Disease	NCIT:C26845	Mus musculus	NCBITaxon:10090	feces	NCIT:C13318	Study Control	NCIT:C142703	1	Month	NCIT:C29846	Male	NCIT:C20197	Kaelyn Long	IlluminaHiSeq	39893159	United States	Alabama	Yes	SRR28674833
SampsonTR_2025	hSCATG025AM2_1MTH_07152019	hSCATG025AM2	Parkinson Disease	NCIT:C26845	Mus musculus	NCBITaxon:10090	feces	NCIT:C13319	Study Control	NCIT:C142703	1	Month	NCIT:C29846	Male	NCIT:C20197	Kaelyn Long	IlluminaHiSeq	39893159	United States	Alabama	Yes	SRR28674834
SampsonTR_2025	hSCATG023AM3_3MTH_09162019	hSCATG023AM3	Parkinson Disease	NCIT:C26845	Mus musculus	NCBITaxon:10090	feces	NCIT:C13320	Study Control	NCIT:C142703	3	Month	NCIT:C29846	Male	NCIT:C20197	Kaelyn Long	IlluminaHiSeq	39893159	United States	Alabama	Yes	SRR28674837
SampsonTR_2025	hSCATG023AM3_1MTH_07152019	hSCATG023AM3	Parkinson Disease	NCIT:C26845	Mus musculus	NCBITaxon:10090	feces	NCIT:C13321	Study Control	NCIT:C142703	1	Month	NCIT:C29846	Male	NCIT:C20197	Kaelyn Long	IlluminaHiSeq	39893159	United States	Alabama	Yes	SRR28674838
SampsonTR_2025	hSCATG023AM3_12MTH_06112020	hSCATG023AM3	Parkinson Disease	NCIT:C26845	Mus musculus	NCBITaxon:10090	feces	NCIT:C13322	Study Control	NCIT:C142703	12	Month	NCIT:C29846	Male	NCIT:C20197	Kaelyn Long	IlluminaHiSeq	39893159	United States	Alabama	Yes	SRR28674839
SampsonTR_2025	hSCATG023AM2_6MTH_12162019	hSCATG023AM2	Parkinson Disease	NCIT:C26845	Mus musculus	NCBITaxon:10090	feces	NCIT:C13323	Study Control	NCIT:C142703	6	Month	NCIT:C29846	Male	NCIT:C20197	Kaelyn Long	IlluminaHiSeq	39893159	United States	Alabama	Yes	SRR28674840
SampsonTR_2025	hSCATG023AM2_3MTH_09162019	hSCATG023AM2	Parkinson Disease	NCIT:C26845	Mus musculus	NCBITaxon:10090	feces	NCIT:C13324	Study Control	NCIT:C142703	3	Month	NCIT:C29846	Male	NCIT:C20197	Kaelyn Long	IlluminaHiSeq	39893159	United States	Alabama	Yes	SRR28674841
SampsonTR_2025	hSCATG054AM2_12MTH_12122020	hSCATG054AM2	Parkinson Disease	NCIT:C26845	Mus musculus	NCBITaxon:10090	feces	NCIT:C13325	Case	NCIT:C49152	12	Month	NCIT:C29846	Male	NCIT:C20197	Kaelyn Long	IlluminaHiSeq	39893159	United States	Alabama	Yes	SRR28674842
SampsonTR_2025	hSCATG053AM3_6MTH_05182020	hSCATG053AM3	Parkinson Disease	NCIT:C26845	Mus musculus	NCBITaxon:10090	feces	NCIT:C13326	Case	NCIT:C49152	6	Month	NCIT:C29846	Male	NCIT:C20197	Kaelyn Long	IlluminaHiSeq	39893159	United States	Alabama	Yes	SRR28674843
SampsonTR_2025	hSCATG053AM3_3MTH_02192020	hSCATG053AM3	Parkinson Disease	NCIT:C26845	Mus musculus	NCBITaxon:10090	feces	NCIT:C13327	Case	NCIT:C49152	3	Month	NCIT:C29846	Male	NCIT:C20197	Kaelyn Long	IlluminaHiSeq	39893159	United States	Alabama	Yes	SRR28674844
SampsonTR_2025	hSCATG021AM1_6MTH_12032019	hSCATG021AM1	Parkinson Disease	NCIT:C26845	Mus musculus	NCBITaxon:10090	feces	NCIT:C13328	Study Control	NCIT:C142703	6	Month	NCIT:C29846	Male	NCIT:C20197	Kaelyn Long	IlluminaHiSeq	39893159	United States	Alabama	Yes	SRR28674845
SampsonTR_2025	hSCATG053AM3_1MTH_12192019	hSCATG053AM3	Parkinson Disease	NCIT:C26845	Mus musculus	NCBITaxon:10090	feces	NCIT:C13329	Case	NCIT:C49152	1	Month	NCIT:C29846	Male	NCIT:C20197	Kaelyn Long	IlluminaHiSeq	39893159	United States	Alabama	Yes	SRR28674846
SampsonTR_2025	hSCATG053AM3_12MTH_12122020	hSCATG053AM3	Parkinson Disease	NCIT:C26845	Mus musculus	NCBITaxon:10090	feces	NCIT:C13330	Case	NCIT:C49152	12	Month	NCIT:C29846	Male	NCIT:C20197	Kaelyn Long	IlluminaHiSeq	39893159	United States	Alabama	Yes	SRR28674847
SampsonTR_2025	hSCATG053AM1_6MTH_05182020	hSCATG053AM1	Parkinson Disease	NCIT:C26845	Mus musculus	NCBITaxon:10090	feces	NCIT:C13331	Case	NCIT:C49152	6	Month	NCIT:C29846	Male	NCIT:C20197	Kaelyn Long	IlluminaHiSeq	39893159	United States	Alabama	Yes	SRR28674848
SampsonTR_2025	hSCATG043AM2_6MTH_02102020	hSCATG043AM2	Parkinson Disease	NCIT:C26845	Mus musculus	NCBITaxon:10090	feces	NCIT:C13332	Study Control	NCIT:C142703	6	Month	NCIT:C29846	Male	NCIT:C20197	Kaelyn Long	IlluminaHiSeq	39893159	United States	Alabama	Yes	SRR28674853
SampsonTR_2025	hSCATG043AM2_3MTH_11122019	hSCATG043AM2	Parkinson Disease	NCIT:C26845	Mus musculus	NCBITaxon:10090	feces	NCIT:C13333	Study Control	NCIT:C142703	3	Month	NCIT:C29846	Male	NCIT:C20197	Kaelyn Long	IlluminaHiSeq	39893159	United States	Alabama	Yes	SRR28674854
SampsonTR_2025	hSCATG041AM3_6MTH_01082020	hSCATG041AM3	Parkinson Disease	NCIT:C26845	Mus musculus	NCBITaxon:10090	feces	NCIT:C13334	Case	NCIT:C49152	6	Month	NCIT:C29846	Male	NCIT:C20197	Kaelyn Long	IlluminaHiSeq	39893159	United States	Alabama	Yes	SRR28674857
SampsonTR_2025	hSCATG039AM2_1MTH_08082019	hSCATG039AM2	Parkinson Disease	NCIT:C26845	Mus musculus	NCBITaxon:10090	feces	NCIT:C13335	Study Control	NCIT:C142703	1	Month	NCIT:C29846	Male	NCIT:C20197	Kaelyn Long	IlluminaHiSeq	39893159	United States	Alabama	Yes	SRR28674858
SampsonTR_2025	hSCATG037AM5_3MTH_10082019	hSCATG037AM5	Parkinson Disease	NCIT:C26845	Mus musculus	NCBITaxon:10090	feces	NCIT:C13336	Case	NCIT:C49152	3	Month	NCIT:C29846	Male	NCIT:C20197	Kaelyn Long	IlluminaHiSeq	39893159	United States	Alabama	Yes	SRR28674862
SampsonTR_2025	hSCATG037AM5_1MTH_08082019	hSCATG037AM5	Parkinson Disease	NCIT:C26845	Mus musculus	NCBITaxon:10090	feces	NCIT:C13337	Case	NCIT:C49152	1	Month	NCIT:C29846	Male	NCIT:C20197	Kaelyn Long	IlluminaHiSeq	39893159	United States	Alabama	Yes	SRR28674863
SampsonTR_2025	hSCATG037AM5_12MTH_07082020	hSCATG037AM5	Parkinson Disease	NCIT:C26845	Mus musculus	NCBITaxon:10090	feces	NCIT:C13338	Case	NCIT:C49152	12	Month	NCIT:C29846	Male	NCIT:C20197	Kaelyn Long	IlluminaHiSeq	39893159	United States	Alabama	Yes	SRR28674864
SampsonTR_2025	hSCATG035AM1_1MTH_08012019	hSCATG035AM1	Parkinson Disease	NCIT:C26845	Mus musculus	NCBITaxon:10090	feces	NCIT:C13339	Case	NCIT:C49152	1	Month	NCIT:C29846	Male	NCIT:C20197	Kaelyn Long	IlluminaHiSeq	39893159	United States	Alabama	Yes	SRR28674870
SampsonTR_2025	hSCATG035AM1_12MTH_06302020	hSCATG035AM1	Parkinson Disease	NCIT:C26845	Mus musculus	NCBITaxon:10090	feces	NCIT:C13340	Case	NCIT:C49152	12	Month	NCIT:C29846	Male	NCIT:C20197	Kaelyn Long	IlluminaHiSeq	39893159	United States	Alabama	Yes	SRR28674871
SampsonTR_2025	hSCATG034AM5_6MTH_01022020	hSCATG034AM5	Parkinson Disease	NCIT:C26845	Mus musculus	NCBITaxon:10090	feces	NCIT:C13341	Study Control	NCIT:C142703	6	Month	NCIT:C29846	Male	NCIT:C20197	Kaelyn Long	IlluminaHiSeq	39893159	United States	Alabama	Yes	SRR28674872
SampsonTR_2025	hSCATG034AM5_3MTH_10032019	hSCATG034AM5	Parkinson Disease	NCIT:C26845	Mus musculus	NCBITaxon:10090	feces	NCIT:C13342	Study Control	NCIT:C142703	3	Month	NCIT:C29846	Male	NCIT:C20197	Kaelyn Long	IlluminaHiSeq	39893159	United States	Alabama	Yes	SRR28674873
SampsonTR_2025	hSCATG016AM3_12MTH_06042020	hSCATG016AM3	Parkinson Disease	NCIT:C26845	Mus musculus	NCBITaxon:10090	feces	NCIT:C13343	Study Control	NCIT:C142703	12	Month	NCIT:C29846	Male	NCIT:C20197	Kaelyn Long	IlluminaHiSeq	39893159	United States	Alabama	Yes	SRR28674874
SampsonTR_2025	hSCATG057AM1_3MTH_03062020	hSCATG057AM1	Parkinson Disease	NCIT:C26845	Mus musculus	NCBITaxon:10090	feces	NCIT:C13344	Study Control	NCIT:C142703	3	Month	NCIT:C29846	Male	NCIT:C20197	Kaelyn Long	IlluminaHiSeq	39893159	United States	Alabama	Yes	SRR28674659
SampsonTR_2025	hSCATG057AM1_1MTH_01082020	hSCATG057AM1	Parkinson Disease	NCIT:C26845	Mus musculus	NCBITaxon:10090	feces	NCIT:C13345	Study Control	NCIT:C142703	1	Month	NCIT:C29846	Male	NCIT:C20197	Kaelyn Long	IlluminaHiSeq	39893159	United States	Alabama	Yes	SRR28674660
SampsonTR_2025	hSCATG054AM2_6MTH_06042020	hSCATG054AM2	Parkinson Disease	NCIT:C26845	Mus musculus	NCBITaxon:10090	feces	NCIT:C13346	Case	NCIT:C49152	6	Month	NCIT:C29846	Male	NCIT:C20197	Kaelyn Long	IlluminaHiSeq	39893159	United States	Alabama	Yes	SRR28674662
SampsonTR_2025	hSCATG054AM2_3MTH_03062020	hSCATG054AM2	Parkinson Disease	NCIT:C26845	Mus musculus	NCBITaxon:10090	feces	NCIT:C13347	Case	NCIT:C49152	3	Month	NCIT:C29846	Male	NCIT:C20197	Kaelyn Long	IlluminaHiSeq	39893159	United States	Alabama	Yes	SRR28674663
SampsonTR_2025	hSCATG054AM2_1MTH_01082020	hSCATG054AM2	Parkinson Disease	NCIT:C26845	Mus musculus	NCBITaxon:10090	feces	NCIT:C13348	Case	NCIT:C49152	1	Month	NCIT:C29846	Male	NCIT:C20197	Kaelyn Long	IlluminaHiSeq	39893159	United States	Alabama	Yes	SRR28674664
SampsonTR_2025	hSCATG039AM6_12MTH_07082020	hSCATG039AM6	Parkinson Disease	NCIT:C26845	Mus musculus	NCBITaxon:10090	feces	NCIT:C13349	Study Control	NCIT:C142703	12	Month	NCIT:C29846	Male	NCIT:C20197	Kaelyn Long	IlluminaHiSeq	39893159	United States	Alabama	Yes	SRR28674666
SampsonTR_2025	hSCATG039AM3_6MTH_01082020	hSCATG039AM3	Parkinson Disease	NCIT:C26845	Mus musculus	NCBITaxon:10090	feces	NCIT:C13350	Case	NCIT:C49152	6	Month	NCIT:C29846	Male	NCIT:C20197	Kaelyn Long	IlluminaHiSeq	39893159	United States	Alabama	Yes	SRR28674667
SampsonTR_2025	hSCATG039AM3_3MTH_10082019	hSCATG039AM3	Parkinson Disease	NCIT:C26845	Mus musculus	NCBITaxon:10090	feces	NCIT:C13351	Case	NCIT:C49152	3	Month	NCIT:C29846	Male	NCIT:C20197	Kaelyn Long	IlluminaHiSeq	39893159	United States	Alabama	Yes	SRR28674668
SampsonTR_2025	hSCATG037AM3_3MTH_10082019	hSCATG037AM3	Parkinson Disease	NCIT:C26845	Mus musculus	NCBITaxon:10090	feces	NCIT:C13352	Case	NCIT:C49152	3	Month	NCIT:C29846	Male	NCIT:C20197	Kaelyn Long	IlluminaHiSeq	39893159	United States	Alabama	Yes	SRR28674673
SampsonTR_2025	hSCATG037AM3_1MTH_08082019	hSCATG037AM3	Parkinson Disease	NCIT:C26845	Mus musculus	NCBITaxon:10090	feces	NCIT:C13353	Case	NCIT:C49152	1	Month	NCIT:C29846	Male	NCIT:C20197	Kaelyn Long	IlluminaHiSeq	39893159	United States	Alabama	Yes	SRR28674674
SampsonTR_2025	hSCATG037AM3_12MTH_07082020	hSCATG037AM3	Parkinson Disease	NCIT:C26845	Mus musculus	NCBITaxon:10090	feces	NCIT:C13354	Case	NCIT:C49152	12	Month	NCIT:C29846	Male	NCIT:C20197	Kaelyn Long	IlluminaHiSeq	39893159	United States	Alabama	Yes	SRR28674675
SampsonTR_2025	hSCATG037AM1_6MTH_01082020	hSCATG037AM1	Parkinson Disease	NCIT:C26845	Mus musculus	NCBITaxon:10090	feces	NCIT:C13355	Case	NCIT:C49152	6	Month	NCIT:C29846	Male	NCIT:C20197	Kaelyn Long	IlluminaHiSeq	39893159	United States	Alabama	Yes	SRR28674676
SampsonTR_2025	hSCATG037AM1_1MTH_08082019	hSCATG037AM1	Parkinson Disease	NCIT:C26845	Mus musculus	NCBITaxon:10090	feces	NCIT:C13356	Case	NCIT:C49152	1	Month	NCIT:C29846	Male	NCIT:C20197	Kaelyn Long	IlluminaHiSeq	39893159	United States	Alabama	Yes	SRR28674679
SampsonTR_2025	hSCATG037AM1_12MTH_06302020	hSCATG037AM1	Parkinson Disease	NCIT:C26845	Mus musculus	NCBITaxon:10090	feces	NCIT:C13357	Case	NCIT:C49152	12	Month	NCIT:C29846	Male	NCIT:C20197	Kaelyn Long	IlluminaHiSeq	39893159	United States	Alabama	Yes	SRR28674680
SampsonTR_2025	hSCATG034AM2_6MTH_01022020	hSCATG034AM2	Parkinson Disease	NCIT:C26845	Mus musculus	NCBITaxon:10090	feces	NCIT:C13358	Case	NCIT:C49152	6	Month	NCIT:C29846	Male	NCIT:C20197	Kaelyn Long	IlluminaHiSeq	39893159	United States	Alabama	Yes	SRR28674681
SampsonTR_2025	hSCATG034AM2_3MTH_10032019	hSCATG034AM2	Parkinson Disease	NCIT:C26845	Mus musculus	NCBITaxon:10090	feces	NCIT:C13359	Case	NCIT:C49152	3	Month	NCIT:C29846	Male	NCIT:C20197	Kaelyn Long	IlluminaHiSeq	39893159	United States	Alabama	Yes	SRR28674682
SampsonTR_2025	hSCATG034AM2_1MTH_08012019	hSCATG034AM2	Parkinson Disease	NCIT:C26845	Mus musculus	NCBITaxon:10090	feces	NCIT:C13360	Case	NCIT:C49152	1	Month	NCIT:C29846	Male	NCIT:C20197	Kaelyn Long	IlluminaHiSeq	39893159	United States	Alabama	Yes	SRR28674683
SampsonTR_2025	hSCATG034AM1_3MTH_10032019	hSCATG034AM1	Parkinson Disease	NCIT:C26845	Mus musculus	NCBITaxon:10090	feces	NCIT:C13361	Case	NCIT:C49152	3	Month	NCIT:C29846	Male	NCIT:C20197	Kaelyn Long	IlluminaHiSeq	39893159	United States	Alabama	Yes	SRR28674686
SampsonTR_2025	hSCATG034AM1_1MTH_08012019	hSCATG034AM1	Parkinson Disease	NCIT:C26845	Mus musculus	NCBITaxon:10090	feces	NCIT:C13362	Case	NCIT:C49152	1	Month	NCIT:C29846	Male	NCIT:C20197	Kaelyn Long	IlluminaHiSeq	39893159	United States	Alabama	Yes	SRR28674687
SampsonTR_2025	hSCATG034AM1_12MTH_06302020	hSCATG034AM1	Parkinson Disease	NCIT:C26845	Mus musculus	NCBITaxon:10090	feces	NCIT:C13363	Case	NCIT:C49152	12	Month	NCIT:C29846	Male	NCIT:C20197	Kaelyn Long	IlluminaHiSeq	39893159	United States	Alabama	Yes	SRR28674688
SampsonTR_2025	hSCATG028AM4_6MTH_12262019	hSCATG028AM4	Parkinson Disease	NCIT:C26845	Mus musculus	NCBITaxon:10090	feces	NCIT:C13364	Study Control	NCIT:C142703	6	Month	NCIT:C29846	Male	NCIT:C20197	Kaelyn Long	IlluminaHiSeq	39893159	United States	Alabama	Yes	SRR28674689
SampsonTR_2025	hSCATG028AM4_3MTH_09232019	hSCATG028AM4	Parkinson Disease	NCIT:C26845	Mus musculus	NCBITaxon:10090	feces	NCIT:C13365	Study Control	NCIT:C142703	3	Month	NCIT:C29846	Male	NCIT:C20197	Kaelyn Long	IlluminaHiSeq	39893159	United States	Alabama	Yes	SRR28674690
SampsonTR_2025	hSCATG028AM4_1MTH_07222019	hSCATG028AM4	Parkinson Disease	NCIT:C26845	Mus musculus	NCBITaxon:10090	feces	NCIT:C13366	Study Control	NCIT:C142703	1	Month	NCIT:C29846	Male	NCIT:C20197	Kaelyn Long	IlluminaHiSeq	39893159	United States	Alabama	Yes	SRR28674692
SampsonTR_2025	hSCATG028AM4_12MTH_06302020	hSCATG028AM4	Parkinson Disease	NCIT:C26845	Mus musculus	NCBITaxon:10090	feces	NCIT:C13367	Study Control	NCIT:C142703	12	Month	NCIT:C29846	Male	NCIT:C20197	Kaelyn Long	IlluminaHiSeq	39893159	United States	Alabama	Yes	SRR28674693
SampsonTR_2025	hSCATG028AM1_6MTH_12262019	hSCATG028AM1	Parkinson Disease	NCIT:C26845	Mus musculus	NCBITaxon:10090	feces	NCIT:C13368	Case	NCIT:C49152	6	Month	NCIT:C29846	Male	NCIT:C20197	Kaelyn Long	IlluminaHiSeq	39893159	United States	Alabama	Yes	SRR28674694
SampsonTR_2025	hSCATG028AM1_3MTH_09232019	hSCATG028AM1	Parkinson Disease	NCIT:C26845	Mus musculus	NCBITaxon:10090	feces	NCIT:C13369	Case	NCIT:C49152	3	Month	NCIT:C29846	Male	NCIT:C20197	Kaelyn Long	IlluminaHiSeq	39893159	United States	Alabama	Yes	SRR28674695
SampsonTR_2025	hSCATG027AM3_3MTH_09162019	hSCATG027AM3	Parkinson Disease	NCIT:C26845	Mus musculus	NCBITaxon:10090	feces	NCIT:C13370	Case	NCIT:C49152	3	Month	NCIT:C29846	Male	NCIT:C20197	Kaelyn Long	IlluminaHiSeq	39893159	United States	Alabama	Yes	SRR28674696
SampsonTR_2025	hSCATG027AM3_1MTH_07152019	hSCATG027AM3	Parkinson Disease	NCIT:C26845	Mus musculus	NCBITaxon:10090	feces	NCIT:C13371	Case	NCIT:C49152	1	Month	NCIT:C29846	Male	NCIT:C20197	Kaelyn Long	IlluminaHiSeq	39893159	United States	Alabama	Yes	SRR28674697
SampsonTR_2025	hSCATG027AM3_12MTH_06142020	hSCATG027AM3	Parkinson Disease	NCIT:C26845	Mus musculus	NCBITaxon:10090	feces	NCIT:C13372	Case	NCIT:C49152	12	Month	NCIT:C29846	Male	NCIT:C20197	Kaelyn Long	IlluminaHiSeq	39893159	United States	Alabama	Yes	SRR28674698
SampsonTR_2025	hSCATG027AM2_6MTH_12162019	hSCATG027AM2	Parkinson Disease	NCIT:C26845	Mus musculus	NCBITaxon:10090	feces	NCIT:C13373	Case	NCIT:C49152	6	Month	NCIT:C29846	Male	NCIT:C20197	Kaelyn Long	IlluminaHiSeq	39893159	United States	Alabama	Yes	SRR28674699
SampsonTR_2025	hSCATG027AM2_3MTH_09162019	hSCATG027AM2	Parkinson Disease	NCIT:C26845	Mus musculus	NCBITaxon:10090	feces	NCIT:C13374	Case	NCIT:C49152	3	Month	NCIT:C29846	Male	NCIT:C20197	Kaelyn Long	IlluminaHiSeq	39893159	United States	Alabama	Yes	SRR28674700
SampsonTR_2025	hSCATG026AM5_6MTH_12162019	hSCATG026AM5	Parkinson Disease	NCIT:C26845	Mus musculus	NCBITaxon:10090	feces	NCIT:C13375	Case	NCIT:C49152	6	Month	NCIT:C29846	Male	NCIT:C20197	Kaelyn Long	IlluminaHiSeq	39893159	United States	Alabama	Yes	SRR28674703
SampsonTR_2025	hSCATG026AM5_3MTH_09162019	hSCATG026AM5	Parkinson Disease	NCIT:C26845	Mus musculus	NCBITaxon:10090	feces	NCIT:C13376	Case	NCIT:C49152	3	Month	NCIT:C29846	Male	NCIT:C20197	Kaelyn Long	IlluminaHiSeq	39893159	United States	Alabama	Yes	SRR28674704
SampsonTR_2025	hSCATG018AM1_6MTH_12032019	hSCATG018AM1	Parkinson Disease	NCIT:C26845	Mus musculus	NCBITaxon:10090	feces	NCIT:C13377	Study Control	NCIT:C142703	6	Month	NCIT:C29846	Male	NCIT:C20197	Kaelyn Long	IlluminaHiSeq	39893159	United States	Alabama	Yes	SRR28674705
SampsonTR_2025	hSCATG026AM4_3MTH_09162019	hSCATG026AM4	Parkinson Disease	NCIT:C26845	Mus musculus	NCBITaxon:10090	feces	NCIT:C13378	Case	NCIT:C49152	3	Month	NCIT:C29846	Male	NCIT:C20197	Kaelyn Long	IlluminaHiSeq	39893159	United States	Alabama	Yes	SRR28674709
SampsonTR_2025	hSCATG026AM4_1MTH_07152019	hSCATG026AM4	Parkinson Disease	NCIT:C26845	Mus musculus	NCBITaxon:10090	feces	NCIT:C13379	Case	NCIT:C49152	1	Month	NCIT:C29846	Male	NCIT:C20197	Kaelyn Long	IlluminaHiSeq	39893159	United States	Alabama	Yes	SRR28674710
SampsonTR_2025	hSCATG026AM4_12MTH_06142020	hSCATG026AM4	Parkinson Disease	NCIT:C26845	Mus musculus	NCBITaxon:10090	feces	NCIT:C13380	Case	NCIT:C49152	12	Month	NCIT:C29846	Male	NCIT:C20197	Kaelyn Long	IlluminaHiSeq	39893159	United States	Alabama	Yes	SRR28674711
SampsonTR_2025	hSCATG026AM3_6MTH_12162019	hSCATG026AM3	Parkinson Disease	NCIT:C26845	Mus musculus	NCBITaxon:10090	feces	NCIT:C13381	Study Control	NCIT:C142703	6	Month	NCIT:C29846	Male	NCIT:C20197	Kaelyn Long	IlluminaHiSeq	39893159	United States	Alabama	Yes	SRR28674712
SampsonTR_2025	hSCATG026AM3_3MTH_09162019	hSCATG026AM3	Parkinson Disease	NCIT:C26845	Mus musculus	NCBITaxon:10090	feces	NCIT:C13382	Study Control	NCIT:C142703	3	Month	NCIT:C29846	Male	NCIT:C20197	Kaelyn Long	IlluminaHiSeq	39893159	United States	Alabama	Yes	SRR28674713
SampsonTR_2025	hSCATG026AM3_1MTH_07152019	hSCATG026AM3	Parkinson Disease	NCIT:C26845	Mus musculus	NCBITaxon:10090	feces	NCIT:C13383	Study Control	NCIT:C142703	1	Month	NCIT:C29846	Male	NCIT:C20197	Kaelyn Long	IlluminaHiSeq	39893159	United States	Alabama	Yes	SRR28674714
SampsonTR_2025	hSCATG026AM3_12MTH_06142020	hSCATG026AM3	Parkinson Disease	NCIT:C26845	Mus musculus	NCBITaxon:10090	feces	NCIT:C13384	Study Control	NCIT:C142703	12	Month	NCIT:C29846	Male	NCIT:C20197	Kaelyn Long	IlluminaHiSeq	39893159	United States	Alabama	Yes	SRR28674715
SampsonTR_2025	hSCATG018AM1_3MTH_09032019	hSCATG018AM1	Parkinson Disease	NCIT:C26845	Mus musculus	NCBITaxon:10090	feces	NCIT:C13385	Study Control	NCIT:C142703	3	Month	NCIT:C29846	Male	NCIT:C20197	Kaelyn Long	IlluminaHiSeq	39893159	United States	Alabama	Yes	SRR28674716
SampsonTR_2025	hSCATG026AM2_6MTH_12162019	hSCATG026AM2	Parkinson Disease	NCIT:C26845	Mus musculus	NCBITaxon:10090	feces	NCIT:C13386	Study Control	NCIT:C142703	6	Month	NCIT:C29846	Male	NCIT:C20197	Kaelyn Long	IlluminaHiSeq	39893159	United States	Alabama	Yes	SRR28674717
SampsonTR_2025	hSCATG040AM5_1MTH_08082019	hSCATG040AM5	Parkinson Disease	NCIT:C26845	Mus musculus	NCBITaxon:10090	feces	NCIT:C13387	Case	NCIT:C49152	1	Month	NCIT:C29846	Male	NCIT:C20197	Kaelyn Long	IlluminaHiSeq	39893159	United States	Alabama	Yes	SRR28674727
SampsonTR_2025	hSCATG020AM1_12MTH_06042020	hSCATG020AM1	Parkinson Disease	NCIT:C26845	Mus musculus	NCBITaxon:10090	feces	NCIT:C13388	Study Control	NCIT:C142703	12	Month	NCIT:C29846	Male	NCIT:C20197	Kaelyn Long	IlluminaHiSeq	39893159	United States	Alabama	Yes	SRR28674728
SampsonTR_2025	hSCATG035AM4_6MTH_01022020	hSCATG035AM4	Parkinson Disease	NCIT:C26845	Mus musculus	NCBITaxon:10090	feces	NCIT:C13389	Study Control	NCIT:C142703	6	Month	NCIT:C29846	Male	NCIT:C20197	Kaelyn Long	IlluminaHiSeq	39893159	United States	Alabama	Yes	SRR28674729
SampsonTR_2025	hSCATG035AM4_3MTH_10032019	hSCATG035AM4	Parkinson Disease	NCIT:C26845	Mus musculus	NCBITaxon:10090	feces	NCIT:C13390	Study Control	NCIT:C142703	3	Month	NCIT:C29846	Male	NCIT:C20197	Kaelyn Long	IlluminaHiSeq	39893159	United States	Alabama	Yes	SRR28674730
SampsonTR_2025	hSCATG035AM4_1MTH_08012019	hSCATG035AM4	Parkinson Disease	NCIT:C26845	Mus musculus	NCBITaxon:10090	feces	NCIT:C13391	Study Control	NCIT:C142703	1	Month	NCIT:C29846	Male	NCIT:C20197	Kaelyn Long	IlluminaHiSeq	39893159	United States	Alabama	Yes	SRR28674731
SampsonTR_2025	hSCATG035AM4_12MTH_06302020	hSCATG035AM4	Parkinson Disease	NCIT:C26845	Mus musculus	NCBITaxon:10090	feces	NCIT:C13392	Study Control	NCIT:C142703	12	Month	NCIT:C29846	Male	NCIT:C20197	Kaelyn Long	IlluminaHiSeq	39893159	United States	Alabama	Yes	SRR28674732
SampsonTR_2025	hSCATG035AM2_6MTH_01022020	hSCATG035AM2	Parkinson Disease	NCIT:C26845	Mus musculus	NCBITaxon:10090	feces	NCIT:C13393	Study Control	NCIT:C142703	6	Month	NCIT:C29846	Male	NCIT:C20197	Kaelyn Long	IlluminaHiSeq	39893159	United States	Alabama	Yes	SRR28674733
SampsonTR_2025	hSCATG035AM2_3MTH_10032019	hSCATG035AM2	Parkinson Disease	NCIT:C26845	Mus musculus	NCBITaxon:10090	feces	NCIT:C13394	Study Control	NCIT:C142703	3	Month	NCIT:C29846	Male	NCIT:C20197	Kaelyn Long	IlluminaHiSeq	39893159	United States	Alabama	Yes	SRR28674734
SampsonTR_2025	hSCATG035AM2_1MTH_08012019	hSCATG035AM2	Parkinson Disease	NCIT:C26845	Mus musculus	NCBITaxon:10090	feces	NCIT:C13395	Study Control	NCIT:C142703	1	Month	NCIT:C29846	Male	NCIT:C20197	Kaelyn Long	IlluminaHiSeq	39893159	United States	Alabama	Yes	SRR28674735
SampsonTR_2025	hSCATG028AM1_1MTH_07222019	hSCATG028AM1	Parkinson Disease	NCIT:C26845	Mus musculus	NCBITaxon:10090	feces	NCIT:C13396	Case	NCIT:C49152	1	Month	NCIT:C29846	Male	NCIT:C20197	Kaelyn Long	IlluminaHiSeq	39893159	United States	Alabama	Yes	SRR28674736
SampsonTR_2025	hSCATG028AM1_12MTH_06302020	hSCATG028AM1	Parkinson Disease	NCIT:C26845	Mus musculus	NCBITaxon:10090	feces	NCIT:C13397	Case	NCIT:C49152	12	Month	NCIT:C29846	Male	NCIT:C20197	Kaelyn Long	IlluminaHiSeq	39893159	United States	Alabama	Yes	SRR28674737
SampsonTR_2025	hSCATG027AM4_6MTH_12162019	hSCATG027AM4	Parkinson Disease	NCIT:C26845	Mus musculus	NCBITaxon:10090	feces	NCIT:C13398	Case	NCIT:C49152	6	Month	NCIT:C29846	Male	NCIT:C20197	Kaelyn Long	IlluminaHiSeq	39893159	United States	Alabama	Yes	SRR28674738
SampsonTR_2025	hSCATG027AM4_3MTH_09162019	hSCATG027AM4	Parkinson Disease	NCIT:C26845	Mus musculus	NCBITaxon:10090	feces	NCIT:C13399	Case	NCIT:C49152	3	Month	NCIT:C29846	Male	NCIT:C20197	Kaelyn Long	IlluminaHiSeq	39893159	United States	Alabama	Yes	SRR28674739
SampsonTR_2025	hSCATG027AM4_1MTH_07152019	hSCATG027AM4	Parkinson Disease	NCIT:C26845	Mus musculus	NCBITaxon:10090	feces	NCIT:C13400	Case	NCIT:C49152	1	Month	NCIT:C29846	Male	NCIT:C20197	Kaelyn Long	IlluminaHiSeq	39893159	United States	Alabama	Yes	SRR28674740
SampsonTR_2025	hSCATG027AM4_12MTH_06142020	hSCATG027AM4	Parkinson Disease	NCIT:C26845	Mus musculus	NCBITaxon:10090	feces	NCIT:C13401	Case	NCIT:C49152	12	Month	NCIT:C29846	Male	NCIT:C20197	Kaelyn Long	IlluminaHiSeq	39893159	United States	Alabama	Yes	SRR28674741
SampsonTR_2025	hSCATG018AM5_12MTH_06042020	hSCATG018AM5	Parkinson Disease	NCIT:C26845	Mus musculus	NCBITaxon:10090	feces	NCIT:C13402	Study Control	NCIT:C142703	12	Month	NCIT:C29846	Male	NCIT:C20197	Kaelyn Long	IlluminaHiSeq	39893159	United States	Alabama	Yes	SRR28674742
SampsonTR_2025	hSCATG058AM3_3MTH_04072020	hSCATG058AM3	Parkinson Disease	NCIT:C26845	Mus musculus	NCBITaxon:10090	feces	NCIT:C13403	Study Control	NCIT:C142703	3	Month	NCIT:C29846	Male	NCIT:C20197	Kaelyn Long	IlluminaHiSeq	39893159	United States	Alabama	Yes	SRR28674744
SampsonTR_2025	hSCATG058AM3_1MTH_01172020	hSCATG058AM3	Parkinson Disease	NCIT:C26845	Mus musculus	NCBITaxon:10090	feces	NCIT:C13404	Study Control	NCIT:C142703	1	Month	NCIT:C29846	Male	NCIT:C20197	Kaelyn Long	IlluminaHiSeq	39893159	United States	Alabama	Yes	SRR28674745
SampsonTR_2025	hSCATG026AM2_12MTH_06112020	hSCATG026AM2	Parkinson Disease	NCIT:C26845	Mus musculus	NCBITaxon:10090	feces	NCIT:C13405	Study Control	NCIT:C142703	12	Month	NCIT:C29846	Male	NCIT:C20197	Kaelyn Long	IlluminaHiSeq	39893159	United States	Alabama	Yes	SRR28674746
SampsonTR_2025	hSCATG025AM4_6MTH_12162019	hSCATG025AM4	Parkinson Disease	NCIT:C26845	Mus musculus	NCBITaxon:10090	feces	NCIT:C13406	Study Control	NCIT:C142703	6	Month	NCIT:C29846	Male	NCIT:C20197	Kaelyn Long	IlluminaHiSeq	39893159	United States	Alabama	Yes	SRR28674747
SampsonTR_2025	hSCATG025AM4_3MTH_09162019	hSCATG025AM4	Parkinson Disease	NCIT:C26845	Mus musculus	NCBITaxon:10090	feces	NCIT:C13407	Study Control	NCIT:C142703	3	Month	NCIT:C29846	Male	NCIT:C20197	Kaelyn Long	IlluminaHiSeq	39893159	United States	Alabama	Yes	SRR28674748
SampsonTR_2025	hSCATG025AM2_3MTH_09162019	hSCATG025AM2	Parkinson Disease	NCIT:C26845	Mus musculus	NCBITaxon:10090	feces	NCIT:C13408	Study Control	NCIT:C142703	3	Month	NCIT:C29846	Male	NCIT:C20197	Kaelyn Long	IlluminaHiSeq	39893159	United States	Alabama	Yes	SRR28674752
SampsonTR_2025	hSCATG018AM1_1MTH_07012019	hSCATG018AM1	Parkinson Disease	NCIT:C26845	Mus musculus	NCBITaxon:10090	feces	NCIT:C13409	Study Control	NCIT:C142703	1	Month	NCIT:C29846	Male	NCIT:C20197	Kaelyn Long	IlluminaHiSeq	39893159	United States	Alabama	Yes	SRR28674753
SampsonTR_2025	hSCATG023AM2_1MTH_07152019	hSCATG023AM2	Parkinson Disease	NCIT:C26845	Mus musculus	NCBITaxon:10090	feces	NCIT:C13410	Study Control	NCIT:C142703	1	Month	NCIT:C29846	Male	NCIT:C20197	Kaelyn Long	IlluminaHiSeq	39893159	United States	Alabama	Yes	SRR28674754
SampsonTR_2025	hSCATG023AM2_12MTH_06112020	hSCATG023AM2	Parkinson Disease	NCIT:C26845	Mus musculus	NCBITaxon:10090	feces	NCIT:C13411	Study Control	NCIT:C142703	12	Month	NCIT:C29846	Male	NCIT:C20197	Kaelyn Long	IlluminaHiSeq	39893159	United States	Alabama	Yes	SRR28674755
SampsonTR_2025	hSCATG018AM1_12MTH_06042020	hSCATG018AM1	Parkinson Disease	NCIT:C26845	Mus musculus	NCBITaxon:10090	feces	NCIT:C13412	Study Control	NCIT:C142703	12	Month	NCIT:C29846	Male	NCIT:C20197	Kaelyn Long	IlluminaHiSeq	39893159	United States	Alabama	Yes	SRR28674756
SampsonTR_2025	hSCATG022AM2_6MTH_12032019	hSCATG022AM2	Parkinson Disease	NCIT:C26845	Mus musculus	NCBITaxon:10090	feces	NCIT:C13413	Study Control	NCIT:C142703	6	Month	NCIT:C29846	Male	NCIT:C20197	Kaelyn Long	IlluminaHiSeq	39893159	United States	Alabama	Yes	SRR28674757
SampsonTR_2025	hSCATG022AM2_1MTH_07052019	hSCATG022AM2	Parkinson Disease	NCIT:C26845	Mus musculus	NCBITaxon:10090	feces	NCIT:C13414	Study Control	NCIT:C142703	1	Month	NCIT:C29846	Male	NCIT:C20197	Kaelyn Long	IlluminaHiSeq	39893159	United States	Alabama	Yes	SRR28674759
SampsonTR_2025	hSCATG022AM2_12MTH_06112020	hSCATG022AM2	Parkinson Disease	NCIT:C26845	Mus musculus	NCBITaxon:10090	feces	NCIT:C13415	Study Control	NCIT:C142703	12	Month	NCIT:C29846	Male	NCIT:C20197	Kaelyn Long	IlluminaHiSeq	39893159	United States	Alabama	Yes	SRR28674760
SampsonTR_2025	hSCATG016AM3_6MTH_12032019	hSCATG016AM3	Parkinson Disease	NCIT:C26845	Mus musculus	NCBITaxon:10090	feces	NCIT:C13416	Study Control	NCIT:C142703	6	Month	NCIT:C29846	Male	NCIT:C20197	Kaelyn Long	IlluminaHiSeq	39893159	United States	Alabama	Yes	SRR28674767
SampsonTR_2025	hSCATG021AM4_1MTH_07052019	hSCATG021AM4	Parkinson Disease	NCIT:C26845	Mus musculus	NCBITaxon:10090	feces	NCIT:C13417	Study Control	NCIT:C142703	1	Month	NCIT:C29846	Male	NCIT:C20197	Kaelyn Long	IlluminaHiSeq	39893159	United States	Alabama	Yes	SRR28674768
SampsonTR_2025	hSCATG021AM2_3MTH_09032019	hSCATG021AM2	Parkinson Disease	NCIT:C26845	Mus musculus	NCBITaxon:10090	feces	NCIT:C13418	Case	NCIT:C49152	3	Month	NCIT:C29846	Male	NCIT:C20197	Kaelyn Long	IlluminaHiSeq	39893159	United States	Alabama	Yes	SRR28674775
SampsonTR_2025	hSCATG058AM5_6MTH_06142020	hSCATG058AM5	Parkinson Disease	NCIT:C26845	Mus musculus	NCBITaxon:10090	feces	NCIT:C13419	Study Control	NCIT:C142703	6	Month	NCIT:C29846	Male	NCIT:C20197	Kaelyn Long	IlluminaHiSeq	39893159	United States	Alabama	Yes	SRR28674776
SampsonTR_2025	hSCATG058AM5_3MTH_04072020	hSCATG058AM5	Parkinson Disease	NCIT:C26845	Mus musculus	NCBITaxon:10090	feces	NCIT:C13420	Study Control	NCIT:C142703	3	Month	NCIT:C29846	Male	NCIT:C20197	Kaelyn Long	IlluminaHiSeq	39893159	United States	Alabama	Yes	SRR28674777
SampsonTR_2025	hSCATG058AM2_1MTH_01172020	hSCATG058AM2	Parkinson Disease	NCIT:C26845	Mus musculus	NCBITaxon:10090	feces	NCIT:C13421	Study Control	NCIT:C142703	1	Month	NCIT:C29846	Male	NCIT:C20197	Kaelyn Long	IlluminaHiSeq	39893159	United States	Alabama	Yes	SRR28674791
SampsonTR_2025	hSCATG058AM2_12MTH_12122020	hSCATG058AM2	Parkinson Disease	NCIT:C26845	Mus musculus	NCBITaxon:10090	feces	NCIT:C13422	Study Control	NCIT:C142703	12	Month	NCIT:C29846	Male	NCIT:C20197	Kaelyn Long	IlluminaHiSeq	39893159	United States	Alabama	Yes	SRR28674792
SampsonTR_2025	hSCATG021AM2_12MTH_06042020	hSCATG021AM2	Parkinson Disease	NCIT:C26845	Mus musculus	NCBITaxon:10090	feces	NCIT:C13423	Case	NCIT:C49152	12	Month	NCIT:C29846	Male	NCIT:C20197	Kaelyn Long	IlluminaHiSeq	39893159	United States	Alabama	Yes	SRR28674793
SampsonTR_2025	hSCATG021AM1_3MTH_09032019	hSCATG021AM1	Parkinson Disease	NCIT:C26845	Mus musculus	NCBITaxon:10090	feces	NCIT:C13424	Study Control	NCIT:C142703	3	Month	NCIT:C29846	Male	NCIT:C20197	Kaelyn Long	IlluminaHiSeq	39893159	United States	Alabama	Yes	SRR28674800
SampsonTR_2025	hSCATG041AM3_12MTH_07082020	hSCATG041AM3	Parkinson Disease	NCIT:C26845	Mus musculus	NCBITaxon:10090	feces	NCIT:C13425	Case	NCIT:C49152	12	Month	NCIT:C29846	Male	NCIT:C20197	Kaelyn Long	IlluminaHiSeq	39893159	United States	Alabama	Yes	SRR28674805
SampsonTR_2025	hSCATG040AM5_12MTH_07082020	hSCATG040AM5	Parkinson Disease	NCIT:C26845	Mus musculus	NCBITaxon:10090	feces	NCIT:C13426	Case	NCIT:C49152	12	Month	NCIT:C29846	Male	NCIT:C20197	Kaelyn Long	IlluminaHiSeq	39893159	United States	Alabama	Yes	SRR28674810
SampsonTR_2025	hSCATG039AM7_12MTH_07082020	hSCATG039AM7	Parkinson Disease	NCIT:C26845	Mus musculus	NCBITaxon:10090	feces	NCIT:C13427	Study Control	NCIT:C142703	12	Month	NCIT:C29846	Male	NCIT:C20197	Kaelyn Long	IlluminaHiSeq	39893159	United States	Alabama	Yes	SRR28674814
SampsonTR_2025	hSCATG039AM6_6MTH_01082020	hSCATG039AM6	Parkinson Disease	NCIT:C26845	Mus musculus	NCBITaxon:10090	feces	NCIT:C13428	Study Control	NCIT:C142703	6	Month	NCIT:C29846	Male	NCIT:C20197	Kaelyn Long	IlluminaHiSeq	39893159	United States	Alabama	Yes	SRR28674815
SampsonTR_2025	hSCATG039AM6_3MTH_10082019	hSCATG039AM6	Parkinson Disease	NCIT:C26845	Mus musculus	NCBITaxon:10090	feces	NCIT:C13429	Study Control	NCIT:C142703	3	Month	NCIT:C29846	Male	NCIT:C20197	Kaelyn Long	IlluminaHiSeq	39893159	United States	Alabama	Yes	SRR28674816
SampsonTR_2025	hSCATG020AM1_6MTH_12032019	hSCATG020AM1	Parkinson Disease	NCIT:C26845	Mus musculus	NCBITaxon:10090	feces	NCIT:C13430	Study Control	NCIT:C142703	6	Month	NCIT:C29846	Male	NCIT:C20197	Kaelyn Long	IlluminaHiSeq	39893159	United States	Alabama	Yes	SRR28674817
SampsonTR_2025	hSCATG036AM3_6MTH_01022020	hSCATG036AM3	Parkinson Disease	NCIT:C26845	Mus musculus	NCBITaxon:10090	feces	NCIT:C13431	Study Control	NCIT:C142703	6	Month	NCIT:C29846	Male	NCIT:C20197	Kaelyn Long	IlluminaHiSeq	39893159	United States	Alabama	Yes	SRR28674818
SampsonTR_2025	hSCATG034AM3_6MTH_01022020	hSCATG034AM3	Parkinson Disease	NCIT:C26845	Mus musculus	NCBITaxon:10090	feces	NCIT:C13432	Study Control	NCIT:C142703	6	Month	NCIT:C29846	Male	NCIT:C20197	Kaelyn Long	IlluminaHiSeq	39893159	United States	Alabama	Yes	SRR28674828
SampsonTR_2025	hSCATG034AM3_3MTH_10032019	hSCATG034AM3	Parkinson Disease	NCIT:C26845	Mus musculus	NCBITaxon:10090	feces	NCIT:C13433	Study Control	NCIT:C142703	3	Month	NCIT:C29846	Male	NCIT:C20197	Kaelyn Long	IlluminaHiSeq	39893159	United States	Alabama	Yes	SRR28674829
SampsonTR_2025	hSCATG025AM2_12MTH_06112020	hSCATG025AM2	Parkinson Disease	NCIT:C26845	Mus musculus	NCBITaxon:10090	feces	NCIT:C13434	Study Control	NCIT:C142703	12	Month	NCIT:C29846	Male	NCIT:C20197	Kaelyn Long	IlluminaHiSeq	39893159	United States	Alabama	Yes	SRR28674835
SampsonTR_2025	hSCATG023AM3_6MTH_12162019	hSCATG023AM3	Parkinson Disease	NCIT:C26845	Mus musculus	NCBITaxon:10090	feces	NCIT:C13435	Study Control	NCIT:C142703	6	Month	NCIT:C29846	Male	NCIT:C20197	Kaelyn Long	IlluminaHiSeq	39893159	United States	Alabama	Yes	SRR28674836
SampsonTR_2025	hSCATG053AM1_3MTH_02192020	hSCATG053AM1	Parkinson Disease	NCIT:C26845	Mus musculus	NCBITaxon:10090	feces	NCIT:C13436	Case	NCIT:C49152	3	Month	NCIT:C29846	Male	NCIT:C20197	Kaelyn Long	IlluminaHiSeq	39893159	United States	Alabama	Yes	SRR28674849
SampsonTR_2025	hSCATG043AM3_3MTH_11122019	hSCATG043AM3	Parkinson Disease	NCIT:C26845	Mus musculus	NCBITaxon:10090	feces	NCIT:C13437	Case	NCIT:C49152	3	Month	NCIT:C29846	Male	NCIT:C20197	Kaelyn Long	IlluminaHiSeq	39893159	United States	Alabama	Yes	SRR28674850
SampsonTR_2025	hSCATG043AM3_1MTH_09112019	hSCATG043AM3	Parkinson Disease	NCIT:C26845	Mus musculus	NCBITaxon:10090	feces	NCIT:C13438	Case	NCIT:C49152	1	Month	NCIT:C29846	Male	NCIT:C20197	Kaelyn Long	IlluminaHiSeq	39893159	United States	Alabama	Yes	SRR28674851
SampsonTR_2025	hSCATG043AM3_12MTH_08112020	hSCATG043AM3	Parkinson Disease	NCIT:C26845	Mus musculus	NCBITaxon:10090	feces	NCIT:C13439	Case	NCIT:C49152	12	Month	NCIT:C29846	Male	NCIT:C20197	Kaelyn Long	IlluminaHiSeq	39893159	United States	Alabama	Yes	SRR28674852
SampsonTR_2025	hSCATG043AM2_1MTH_09112019	hSCATG043AM2	Parkinson Disease	NCIT:C26845	Mus musculus	NCBITaxon:10090	feces	NCIT:C13440	Study Control	NCIT:C142703	1	Month	NCIT:C29846	Male	NCIT:C20197	Kaelyn Long	IlluminaHiSeq	39893159	United States	Alabama	Yes	SRR28674855
SampsonTR_2025	hSCATG043AM2_12MTH_08112020	hSCATG043AM2	Parkinson Disease	NCIT:C26845	Mus musculus	NCBITaxon:10090	feces	NCIT:C13441	Study Control	NCIT:C142703	12	Month	NCIT:C29846	Male	NCIT:C20197	Kaelyn Long	IlluminaHiSeq	39893159	United States	Alabama	Yes	SRR28674856
SampsonTR_2025	hSCATG039AM2_12MTH_07082020	hSCATG039AM2	Parkinson Disease	NCIT:C26845	Mus musculus	NCBITaxon:10090	feces	NCIT:C13442	Study Control	NCIT:C142703	12	Month	NCIT:C29846	Male	NCIT:C20197	Kaelyn Long	IlluminaHiSeq	39893159	United States	Alabama	Yes	SRR28674859
SampsonTR_2025	hSCATG020AM1_3MTH_09032019	hSCATG020AM1	Parkinson Disease	NCIT:C26845	Mus musculus	NCBITaxon:10090	feces	NCIT:C13443	Study Control	NCIT:C142703	3	Month	NCIT:C29846	Male	NCIT:C20197	Kaelyn Long	IlluminaHiSeq	39893159	United States	Alabama	Yes	SRR28674860
SampsonTR_2025	hSCATG037AM5_6MTH_01082020	hSCATG037AM5	Parkinson Disease	NCIT:C26845	Mus musculus	NCBITaxon:10090	feces	NCIT:C13444	Case	NCIT:C49152	6	Month	NCIT:C29846	Male	NCIT:C20197	Kaelyn Long	IlluminaHiSeq	39893159	United States	Alabama	Yes	SRR28674861
SampsonTR_2025	hSCATG037AM3_6MTH_01082020	hSCATG037AM3	Parkinson Disease	NCIT:C26845	Mus musculus	NCBITaxon:10090	feces	NCIT:C13445	Case	NCIT:C49152	6	Month	NCIT:C29846	Male	NCIT:C20197	Kaelyn Long	IlluminaHiSeq	39893159	United States	Alabama	Yes	SRR28674865
SampsonTR_2025	hSCATG035AM2_12MTH_06302020	hSCATG035AM2	Parkinson Disease	NCIT:C26845	Mus musculus	NCBITaxon:10090	feces	NCIT:C13446	Study Control	NCIT:C142703	12	Month	NCIT:C29846	Male	NCIT:C20197	Kaelyn Long	IlluminaHiSeq	39893159	United States	Alabama	Yes	SRR28674866
SampsonTR_2025	hSCATG035AM1_6MTH_01022020	hSCATG035AM1	Parkinson Disease	NCIT:C26845	Mus musculus	NCBITaxon:10090	feces	NCIT:C13447	Case	NCIT:C49152	6	Month	NCIT:C29846	Male	NCIT:C20197	Kaelyn Long	IlluminaHiSeq	39893159	United States	Alabama	Yes	SRR28674867
SampsonTR_2025	hSCATG035AM1_3MTH_10032019	hSCATG035AM1	Parkinson Disease	NCIT:C26845	Mus musculus	NCBITaxon:10090	feces	NCIT:C13448	Case	NCIT:C49152	3	Month	NCIT:C29846	Male	NCIT:C20197	Kaelyn Long	IlluminaHiSeq	39893159	United States	Alabama	Yes	SRR28674868
SampsonTR_2025	hSCATG018AM5_6MTH_12032019	hSCATG018AM5	Parkinson Disease	NCIT:C26845	Mus musculus	NCBITaxon:10090	feces	NCIT:C13449	Study Control	NCIT:C142703	6	Month	NCIT:C29846	Male	NCIT:C20197	Kaelyn Long	IlluminaHiSeq	39893159	United States	Alabama	Yes	SRR28674869
